review_text,dealership_name,label
Soo expensive ? Â,HONDA Gateway,0
Cooperative staff... Almost neat n clean atmosphere...,Suzuki Khalid Motors (Link Ferozpur),1
"NICE SHOWROOM IN MY TOWN ...
A showroom is a large space used to display products for sale, such as?automobiles,?furniture,?appliances,?carpet?or?apparel. It is a?retail store?of a company in which products are on sale in a space created by their brand or company. A showroom can also be a space for wholesale buyers to view fashion merchandise for sale in their retail stores.
The world's most famous locations for a showroom, generally in the form of a?cluster",Suzuki Sethi Motors (Town Morr),1
"Honda car mechanical, automotive and body works services available. Routine parts readily available. Service Quality is good.",HONDA Township,1
Friendly staff and good service,HONDA Point,1
Authorized dealer of Suzuki Motors with a very big setup and good customer service. If you own Suzuki vehicle this is the right place for you.,Suzuki Adil Zafar Motors,1
"I have the worst experience. After opening car, they said that they have no spare part. It will be delivered after two weeks howeve they need service charges.",HONDA Township,0
"They are very good for repair and maintenance of Suzuki vehicles. Their waiting area is big and well maintained so you can wait while work is being done. The only problem is that if it is insurance work, they take too many days. Rest I was satisfied with the work. Payments can he made via credit cards. The shop closed at 6 p.m. so plan your visit accordingly.",Suzuki Sethi Motors (Town Morr),1
Adil Zafar offers services and spare parts as well. Spare parts are expensive and all variety not available. Service area is not well organised and sometimes you need to spend 3 hours for only oil change and tuning.,Suzuki Adil Zafar Motors,0
"Undoubtedly, Staff is very cooperative. And even the guy who serves has a very cool temperament. Car services are qualitative and highly satisfactory.",Suzuki Raiwind Motors (Raiwind Rd),1
It's a good place to get your vehicle periodically maintained. Good job done everytime.,Suzuki Mini Motors (Gulberg 3),1
Have a good experience on Google maps,HONDA Gateway,1
"This is an expensive place with no customer care. They have two persons to deal all the anger from the customers one is Mr.Danish slim guy AKA chota Danish and their CRO Wasif. Technicians and technical staff will ask you to pay them separately for creating mess with your vehicle. I have attached photos along with the review. I went there to replace the air conditioner due to a faulty compressor. It cost me 40k + 2k other part that they replaced they have team of 5 to 6 persons who deal with air conditioner they took whole day to install new unit and end of the day when they handed back my car its generator was not working it cost me another 4k to get a new battery becuse they forgot to adjust the generator. As new generator/Alternator was installed. This place is not recommended if you are not half mechanic. You will end up paying for their negligence. If you have a brand new car then it is fine to go their as the team is not expert and is very sharp at making excuses to get away with their own negligence. They use to have good people like Naveed, Zahid Khan but now they don't have expert professionals. Their two forman Asif and zeeshan are seniors but they'll be just sitting in the office all the time and if you ask to look at something they'll never move their butt. I am going their for last 5 years and two vehicles were maintained by them i have experienced several second visits, once they forgot to tight the tappet cover,  with my wagon r they were badly failed to diagnose the bearing issue. Like I said before if you have knowledge about your machine then it will be fine to go there. But avoid going there if you're not good enough to understand the mechanical of your car. Plus long wait is guaranteed.",Suzuki Sethi Motors (Town Morr),0
"All were fine except one guy who was rude with his own colleague.

Regards,
Daniyal Hussain",HONDA Point,1
Looks good but staff and customer care needs improvement,HONDA Point,1
Good services but a little expensive.,HONDA Point,1
Good workers. But paint Shops staff is very arrogant.,Suzuki Khalid Motors (Link Ferozpur),1
Worse experience in life. They never respond to call a single time in day. Look at SS below. This is number they had given in booking message to contact about Car delivery. Car dispatch date is gone and thereÂs no delivery after 70 days of 100% Balance payment. Worse experience and IÂll go to court now.,HONDA Gateway,0
Very Good Service and Good Attitude of Staff,Suzuki Sethi Motors (Town Morr),1
Professional customer service.,HONDA Gateway,1
If you do payments with card they will charge 2% extra while is really bad who uses cash specifically in covid.,HONDA Township,0
"Very expensive, need more place, staff not much cooperative so so.",HONDA Fort,0
Good efficient facility,Suzuki Raiwind Motors (Raiwind Rd),1
"I have mixed experience of this place.

Pros
Large showroom
Exclusively for Suzuki vehicles
They oblige you with priority if you had booking.
Staff is generally courteous.
Tuck shop drinks also available.
Seating waiting area available.
Usually they don't bring up extra faults in your car.

Cons
There is lack of coordination between staff.
Staff is diverse and some are not courteous, not cooperative, uncaring and self centered.
At rush hour they want you to typically go away.
If you go for simple service, they pretty much do nothing at all except for screw tightening.
Parts are overpriced.
If you ask for opinion like I wanted Android panel in WagonR, they provide you wrong piece of advice and told me cost of 45k which is way way overpriced.
My car started performing bad with milage of 10 they said it's normal.

Summary
Probably the largest service station for Suzuki but owing to my poor performing car after wait time of 2-3 hours at service I decided to leave sethi motors and Alhamdulillah my car is back to milage of near 15. So Generally I won't recommend sethi motors.",Suzuki Sethi Motors (Town Morr),1
convinient location,Suzuki Raiwind Motors (Raiwind Rd),1
"Went there for Oil Change
I found Best Service and honest staff",Suzuki Sethi Motors (Town Morr),1
On of the biggest Suzuki Dealership in Pakistan.. Huge manpower great services... The best part Tea is served to each guest with protocol,Suzuki Sethi Motors (Town Morr),1
Purchased a suzuki car through them. Extremely helping staff that ensured facilitation till completion of registration process.,Suzuki Raiwind Motors (Raiwind Rd),1
3rd Class Services,HONDA Gateway,0
Very easy to get quality car service,Suzuki Khalid Motors (Link Ferozpur),1
Very cooperative and welcoming staff.,HONDA RingRoad,1
courteseous staff and very honest charges for parts and services,Suzuki Adil Zafar Motors,1
"They are charging more for service..
Currently 1000 while other suzuki showrooms are charging 600 for the same service.. their prices are bit high but labour is skilled..",Suzuki Mini Motors (Gulberg 3),0
Nice environment but,Suzuki Raiwind Motors (Raiwind Rd),1
Excellent service and very helpful staff...,Suzuki Mini Motors (Gulberg 3),1
Parking issues.,HONDA Township,0
Very bad experience i visited Honda township because i am facing RPM fluctuation in my Honda civic 8th generation and even my car is maintained by Honda township..the staff didn't check the issue of rpm fluctuation i am facing..they just check other things like suspension and give me estimate of their labor for suspension.. At least try to check and resolve the issues faced by customer in their vehicle rather than checking other things..,HONDA Township,0
Satisfactory service. Labour charges are through the roof though.,HONDA Point,1
Nice place,Suzuki Raiwind Motors (Raiwind Rd),1
It Was Just  A Good Visit...,HONDA Township,1
Very good services and friendly atmosphere,Suzuki Khalid Motors (Link Ferozpur),1
Excellent customer service by Mr. Yasir and Mr. Kashif on purchase of cultus. Both honoured their committement on time with efficient dealings.,Suzuki Mini Motors (Gulberg 3),1
It's good place for Honda car owners. Especially Mr. Rameez very nice person. Deals his clints very gently.,HONDA Gateway,1
"Bought a City Aspire from this dealership. Mr. Samar was the person who dealt with me. I would say that the services provided by Mr. Samar from the start of the deal until the delivery of my required car file and smart card were simply marvelous. He was very patient and clarified all my queries in the beginning and then he delivered everything well before time, whether it was the car itself or the registration documents. This was the best experience I could imagine from a car dealership and only because of Mr. Samar.
Many thanks to Mr. Samar. I really fall short of words to express the good services he provided. Whatever he promised, he was always well before time to deliver. Very patient, courteous and humble person. Thank you again.",HONDA Township,1
Very bad experience two much expensive and use less service,HONDA Fort,0
Good experience...well trained technical staff.. services are good,Suzuki Mini Motors (Gulberg 3),1
Well equipped Honda workshop for cars.,HONDA Gateway,1
The stuff appeared very cooperative and helpful. But I found their rates slightly on higher side.,HONDA Township,0
Worst staff. They don't want to work at all and just want you to spend money in their workshop as much as you can. Imran n Javaid bhai are comparitively better n coperative. Beware of Qasim a bulky person incharge of wheel alignment. U will definately get ur car damaged and no one will listen to u. I will never go to this workshop again.,Suzuki Adil Zafar Motors,0
No body is interested to deal the customer. The behavior of staff is poor.,HONDA Point,0
I do not want to give single star as well. In case of warranty they didn't own the car. Even they didn't explained and show me on warranty card that if camber can't be covered.,Suzuki Raiwind Motors (Raiwind Rd),0
"Staff is very professional and helpful in any kind of maintenance and parts replacement, they assist very professionally and guide for right services. I always prefer honda township (Near to pindi stop peco road) for my vehicles maintenance and spare parts replacement
Highly recommended",HONDA Township,1
"Its better to get your oil changed/ tuning done/ parts replaced from an authorized dealer. Contrary to poular belief, they are not overpriced. However, unlike the mechanics, they do have a good quality of service. Suzuki Mini is all good.",Suzuki Mini Motors (Gulberg 3),1
Good road,HONDA RingRoad,1
"Honda Forte has been the place to take the family Honda cars for a very long time. New cars aside...The 2000 Civic is still maintained by Honda Forte!
Their service has not only helped keep the cars engine maintained but also Ã¢?Â¦",HONDA Fort,1
"oodnplace, cooperative staff. Well trained for Suzuki Cars",Suzuki Mini Motors (Gulberg 3),1
Good Showroom,HONDA Gateway,1
"Terrible experience today 4 June, 2019. Reached 9.15 hrs. After 2 hours, the job was completed except replacing wiper blades that requires few seconds. They put me on hold for one hour that Electrical Pit was not free. After repeated reminders to the Incharge Arsalan, I ultimately met their Management Mr Rehman and in the next 5 minutes, my car was out of the Workshop. There is hardly any work management in workshop area. It has happened to me in the past as well.",Suzuki Sethi Motors (Town Morr),0
Good Experience,Suzuki Mini Motors (Gulberg 3),1
3rd class services. I went for 2 appointments but did not do any work. Things come in front of me but some are not available.,Suzuki Raiwind Motors (Raiwind Rd),0
Lovely place ?? Â,HONDA Gateway,1
very good service provider,Suzuki Adil Zafar Motors,1
"The upper management is often misleading there, and doesn't cooperate often. If there is a lot of cars, expect to be waiting around an hour or so. Otherwise, I usually go here for my car's regular checkup and maintenance. The staff and crew are usually the ones that are really helpful.",HONDA Point,0
"Qualified Staff, healthy environment",HONDA Gateway,1
It was car's first checkup.Ã Very cordial and cooperative staff.,Suzuki Raiwind Motors (Raiwind Rd),1
They provide good sevices,HONDA Point,1
Fine,Suzuki Raiwind Motors (Raiwind Rd),1
Good services,HONDA Gateway,1
Excellent services,HONDA Township,1
Had good experiences with sales and services. Sales lady Ms Uzma is very helpful.,HONDA RingRoad,1
"NOT Satisfied with the SERVICE DEPARTMENT; i had my vehicle diagnosed; the technician who started to diagnose the vehicle seemed like he was NOT happy to be part of the service department's team. He either was not experienced or did not think that satisfaction of the customer was important to him. Upon lifting the vehicle, first thing he told me to do is take the car back and have it washed underneath and then bring it back. His superior obviously disagreed with him and recommended to use a cleaner spray to clean the small area which was presenting the problem (a slow leaking oil pipe). From that point onwards till the end of the diagnosis, not only the technician DID NOT use the cleaner spray but also was not able to reach the loose clamp (the culprit of the problem). Throughout the process he did not remove the front wheel which was the right way to be able to reach the clamp easily but was not able to fix a simple clamp. The end of the story is that I had a simple mechanic at a mechanic '""workshop"" who charged me a simple Rs. 500 (yes correct 5 hundred and even that I insisted because he was generous enough to resist charging me anything) to fix that clamp and was able to do this on a simple jack by removing the front wheel. At some parts of the world, the dealerships are known as ""STEALERSHIPS"" for this exact reason. Please step up ur game Honda Gateway and not become a stealership... since your inexperienced technician then proceeded to tell me to have the entire pump replaced until I asked him to get the head mechanic who obviously disagreed with the technician's diagnosis. Even though I was NOT charged by your service department, I still think I have to present an accurate picture on google reviews.",HONDA Gateway,0
Good service along with waiting area and free refreshments.,Suzuki Mini Motors (Gulberg 3),1
Good dealing but there phones always goes busy.,Suzuki Khalid Motors (Link Ferozpur),1
Not available of Air filter for New Cultus,Suzuki Adil Zafar Motors,0
1 star off for the absurdly high prices for parts. The staff and everyone else was awesome.,HONDA Township,0
To Expensive,HONDA Fort,0
Expert dry denting cars,Suzuki Sethi Motors (Town Morr),1
"I went to the Asia house today as well but my issue hasn't been resolved. Simply pathetic service overall all from your dealership and honda. Full payment made since August and no date of delivery yet and again and again subjected to price hikes. The management is not only misleading but is bloody rude!!!! There is no clear communication between teams and clients are stuck in thin air. I would never ever ever go through your dealership or advice anyone to do so, unless someone wants to open a can of worms!",HONDA Gateway,0
Their service + staff is really great. They are loyal with their work. Treat the vehicle as their own.,Suzuki Khalid Motors (Link Ferozpur),1
Very good service  centre  I visited  there bench of time,Suzuki Sethi Motors (Town Morr),1
Service good but spare parts on higher than market.,Suzuki Raiwind Motors (Raiwind Rd),1
"Best for periodic maintenance and parts. I have tried multiple 3s facilities of Honda in Sialkot, Lahore and Gujranwala - Honda Fort is by far the best. Parts quality is good. Prices are a little bit high.",HONDA Fort,1
"My car Honda City Aspire model 2017 was giving abnormal sound intermittently. It seems from camshaft. But mechanic was well trained, he directly pinpoint the problem of AC compressor loose bolts. Problem resolved in few minutes.",HONDA Gateway,1
Some staff members need to be trained and taught some manners for dealing with customers. And if such staff has trouble working then they should be placed with the cars as a show-piece.,Suzuki Raiwind Motors (Raiwind Rd),0
Very cheep rate,HONDA Gateway,1
Nice working and experienced workers,Suzuki Adil Zafar Motors,1
Manager behaviour is not good and cleaness condition worse.,Suzuki Khalid Motors (Link Ferozpur),0
It's okay but needs to improve training of their sales Staff.,Suzuki Khalid Motors (Link Ferozpur),0
Good service .. customer support n technical staff,Suzuki Mini Motors (Gulberg 3),1
They are very good in their jobs specially body and paint shop.,Suzuki Khalid Motors (Link Ferozpur),1
This was excellent place,HONDA Fort,1
"Friendly environment, excellent service",Suzuki Khalid Motors (Link Ferozpur),1
It is amazing. Price is also reasonable. We also provide packages for the service.,Suzuki Raiwind Motors (Raiwind Rd),1
Suzuki showroom and service center with professional staff. They also give you free car services upon purchase of vehicle,Suzuki Adil Zafar Motors,1
Good 3S service providers,HONDA Point,1
Got paint job for my suzuki alto  very high quality paintwork. Got car on time. Highly recommended!,Suzuki Raiwind Motors (Raiwind Rd),1
Never go to their 1st floor for service here they dont pay attention,Suzuki Raiwind Motors (Raiwind Rd),0
"Very professional staff, Cooperate. Fully satisfied with my visit",Suzuki Raiwind Motors (Raiwind Rd),1
Pathetic staff,HONDA Fort,0
Quality of service deteriorate over the time,HONDA Gateway,0
Good advices which are beneficial for customer,Suzuki Khalid Motors (Link Ferozpur),1
Its a dealership cum service point for all types of Suzuki Vehicles. Much busy place on Saturdays.,Suzuki Sethi Motors (Town Morr),1
Good services & staff very cooperative,HONDA Point,1
Very good service,HONDA Township,1
Lovely cooperative Staff,HONDA Township,1
Amir manager of mechanical work is very competent and always wellcome.,Suzuki Khalid Motors (Link Ferozpur),1
Honda Fort at Queen's Road is one of the more reputable showrooms of Honda in Lahore. I have always had good experience with them wether it is buying a car or fixing it. I feel they have really experienced mechanics in their showroom and my car is in safe hands.,HONDA Fort,1
A very good customer service experience regarding Suzuki vehicles,Suzuki Khalid Motors (Link Ferozpur),1
Excellent place for maintenance. Simply says thugs free workshop.,HONDA Point,1
"I?? new to town and went to this place for periodic maintenance of my car.. because of the pathetic and unprofessional attitude of their staff who receive cars in the service section, I immediately left and went to another Honda dealership..",HONDA Point,0
Nice staff dealing with care and respect.  ,Suzuki Raiwind Motors (Raiwind Rd),1
Ok ok,Suzuki Raiwind Motors (Raiwind Rd),0
Owners and the complete staff are very much cooperative as well as experienced professionals,HONDA Fort,1
Just okay service.,HONDA Point,0
"Ok to buy a car, neat environment",HONDA Township,1
Only recommended for oil change.,Suzuki Raiwind Motors (Raiwind Rd),1
Good dealer,HONDA Gateway,1
Number One Dealership For Honda cars in Lahore.Workshop is highly recommended,HONDA Fort,1
Poor customer service. Management should training the staff how to satisfy the customers.,HONDA RingRoad,0
"Very bad ??
Lazy staff
At one time one mechanic working on 2 to 3 vehicles.
Need complete ?? day ??,https://www.gstatic.com/images/icons/material/system_gm/1x/thumb_up_gm_grey_18dp.png""",Suzuki Sethi Motors (Town Morr),0
"When Khalid motor started working, it was amazing in services, timely and efficiently, but with time as it goes older services get declined. Staff do things unprofessional and services was disappointing, for one things need several visit to fix.
It's just ok",Suzuki Khalid Motors (Link Ferozpur),0
Poor Service...Miscommitments,HONDA Point,0
"So much expensive. Moreover, really customer service. No one even bothered to ask me. Very rude staff.",Suzuki Adil Zafar Motors,0
"Suzuki Adil zafar motors is the best for purchas any car, we easyly purchased avery vehicle and work our car.",Suzuki Adil Zafar Motors,1
"Nice place ample of parking, staff is energetic, helpful but they don't have good Choice of a car for sale, heavy own, Honda city delivery after five months on booking.",HONDA Point,1
Poor after sales service!,HONDA Point,0
Good place for engine tuning only price of parts are more than double as compared to market.,Suzuki Adil Zafar Motors,1
Received vehicle with faults which an ordinary person can not found..only an expert person who have the knowledge of vehicle denting and painting experience can judge it.,Suzuki Adil Zafar Motors,0
Good Honda service and maintenance although somewhat expensive,HONDA Gateway,1
Like it,Suzuki Raiwind Motors (Raiwind Rd),1
Compare to market they r expensive,Suzuki Raiwind Motors (Raiwind Rd),0
"Authorized Dealer of Pak Suzuki Motor Co near kalma Chowk Main Ferozpur Road.
Dealing with Sales of all Suzuki Brand New Cars, Service and Repairing of cars and Suzuki Genuine Spare Parts.",Suzuki Sethi Motors (Town Morr),1
No experience,HONDA Township,0
Seamless delivery of CIVIC,HONDA Fort,1
It is an excelent place for suazuki services,Suzuki Mini Motors (Gulberg 3),1
"Overall experience was satisfactory, but customer service needs improvement",Suzuki Raiwind Motors (Raiwind Rd),0
Their manners are exceptional...and the complementary tea they served while waiting was wonderful too...All in all so far good enough to make me go there again....,HONDA RingRoad,1
Best customer care service,HONDA RingRoad,1
One can buy all cars and motorcycles of Suzuki and after sale service here.,Suzuki Sethi Motors (Town Morr),1
Great friendly environment. Own prices are not high. But good experience. I bought my vegon R.,Suzuki Sethi Motors (Town Morr),1
Staff ia good but itseems their policy isnt good. Suzuki canal.gives much better services,Suzuki Raiwind Motors (Raiwind Rd),1
"Best Dealership in Lahore.
Best After Sales Services.
Cooperative staff.",HONDA Gateway,1
Small showroom with not enough vehicles on display. Staff was very courteous and friendly who helped with all the information I needed in detail,HONDA Township,0
"It was good,it is rating 4 .5",HONDA Fort,1
"This time my experience was very bad. I was told to pay Rs 5550/- as total charges of the job done whereas I was given two payment bills amounting to Rs.3850/-. So,in this way, I have been charged Rs.1700/- extra by Khalid Motor's cashier. What can you help me in this regard?
Prof. Waqar Azeem.",Suzuki Khalid Motors (Link Ferozpur),0
Great ambiance 3S Honda Dealership Lahore,HONDA Fort,1
Very good service  thanks to omer Khalid Bhai ??,HONDA Township,1
"Good service center specially mechanical team is great ??

Professional workers with a great working attitude. ??",HONDA Township,1
Good staff with average work quality,Suzuki Khalid Motors (Link Ferozpur),1
Excellent after sales and services,HONDA Fort,1
All types of honda vehicles are available here,HONDA Gateway,1
"Don't go for any repair, mechanical or electric fault",Suzuki Raiwind Motors (Raiwind Rd),0
Very good persons here,Suzuki Mini Motors (Gulberg 3),1
Good Service,HONDA Township,1
I found it the best Honda point as compared to others like Samnabad.,HONDA Township,1
"I recently visited Suzuki Raiwind Motors. While the overall experience (in terms of environment and vehicle handling) was good, I felt the customer dealing  ",Suzuki Raiwind Motors (Raiwind Rd),1
Excellent Honda showroom,HONDA Township,1
Cooperative staff,HONDA Fort,1
Good service but very high price some mechanics are honest and good,Suzuki Khalid Motors (Link Ferozpur),1
Its a honda service center,HONDA Point,1
Lovely feedback,HONDA Gateway,1
Good place to buy Honda.,HONDA RingRoad,1
Fast service and well trained staff,Suzuki Sethi Motors (Town Morr),1
The staff was incredibly helpful during my recent visit. They were knowledgeable. I truly appreciated their level of service and it made my experience all the more enjoyable,HONDA Fort,1
"expensive rates. it's not perfect for new car users. They have staff, but they do not check your car to confirm that your car do not have any other problem, other that what you've explained.
Staff, who is always busy. In my last visit, my word was done in 45 minutes and they took extra 45 minutes just for clearance.
I'll leave once i find good alternative.",Suzuki Sethi Motors (Town Morr),0
Good experience made here in Khalid Suzuki Motors...,Suzuki Khalid Motors (Link Ferozpur),1
"Staff is very courteous, highly professional. Was really impressed woth their attitude. Specially a guy usman khan and mechanic babar are a good front line image of suzuki mini motors.",Suzuki Mini Motors (Gulberg 3),1
Nice experience.,HONDA Township,1
Too much expensive car maintenance,HONDA RingRoad,0
"Service needs improvement. System was down, debit card payment option was out of order.. the job order guy was not satisfactory",Suzuki Khalid Motors (Link Ferozpur),0
The most pathetic technology of Pakistan with enormous prices comparatively in the world if I take the basic model price w suzuki alto VXR 660 cc which is costing a common pakistani 2.63million pak rupee whereas in India it cost them  ,Suzuki Raiwind Motors (Raiwind Rd),0
Honda ring road is fraud. Plz dont buy any new car from here they are big blackmailer. Sales manager is no professional and involve in fraud. I booked my car from here. Didnt receive yet. I am going to complain about them.  Big thieves       I will post on social media about them.  Dont come here for any service.  Fraud management.,HONDA RingRoad,0
Always go there for my wagon r service. They mostly offer good packages and look into the problem correctly,Suzuki Mini Motors (Gulberg 3),1
Good service,HONDA Gateway,1
Obviously a perfect,HONDA Township,1
Bad service,HONDA Point,0
"Very co-operative staff, well experienced mechanics and genuine parts bit costly with peace of mind!",Suzuki Adil Zafar Motors,1
Good service,HONDA Gateway,1
"Worst authorized dealership. They don't give proper attention to customer and say we need half hour or more to inspect you car reason is more customer, no availability of labor e.t.c.",Suzuki Sethi Motors (Town Morr),0
Good show room,HONDA Point,1
A huge showroom with a well trained staff but due to a big gathering service feels slow sometime....,Suzuki Khalid Motors (Link Ferozpur),1
Very very very poor quality and bad car service area,Suzuki Raiwind Motors (Raiwind Rd),0
Didn't feel welcomed at all. No one get bothered to ask if I want to get the details on their new cars. Then we eventually ask one person and he helped us like it was one of ther hardest jobs he was doing. Usually salesman at dealership are welcome and active.,HONDA Point,0
Pretty average service,HONDA Gateway,0
Amazing Showroom Suzuki Motor's,Suzuki Raiwind Motors (Raiwind Rd),1
Bought my first car. Its a great place for getting your car serviced.,Suzuki Adil Zafar Motors,1
Visited Honda Fort many times. Bought couple of cars from there. Good and fast service. All the services available on all floors. Honda's genuine products only used. Staff's behavior is pretty good and highly coordinative. If you want your Honda's complete checkup under one roof then do visit Honda Fort.,HONDA Fort,1
No reply on facebook bad behaveoir,Suzuki Raiwind Motors (Raiwind Rd),0
Excellent service competent and co operative staff only one drawback is location near railway track and due to this traffic jam,Suzuki Mini Motors (Gulberg 3),1
Pathetic service.,Suzuki Raiwind Motors (Raiwind Rd),0
No one attended the fault. Finally I left without getting my car checked,HONDA Fort,0
"A place with Great people Specially Mr Usman Bhatti Shab, very cooperative & an efficient person.",Suzuki Mini Motors (Gulberg 3),1
Nice dealorship but staff should be more polite and professional towards the insurance claim customers as well,Suzuki Sethi Motors (Town Morr),1
"Suzuki Mini Motors is the worst Suzuki dealership in Lahore.

I won?? recommend anybody doing business with them at all. They aren?? trustworthy, highly deceptive, and unprofessional, especially their salesperson Mr. Summer and sales manager Mr. Kashif.

I booked the newly launched Swift in the Suzuki exchange program through Suzuki Mini Motors. They committed to deliver the vehicle within fifteen days but the vehicle was delivered after forty days.

The dealership handed me over a faulty vehicle with manufacturing defects and deep scratches on the paint.",Suzuki Mini Motors (Gulberg 3),0
SHAME ON HONDA FORT THIRD CLASS SERVICE,HONDA Gateway,0
I Think first and last deal with gateway,HONDA Gateway,0
"Worst service - Do not ever go here and NEVER EVER Leave your car overnight here. You can only utilise them for basic services like Oil change or oil filter change..

They messed up my car (honda civic reborn) steering and fixed it only temporarily while charging 20k+ for it. While car was with them overnight, they must have hit it from bottom somehow (may be dropped from ramp or they took it outside) because the next day the silencer was tilted towards left. They didn?? admit their fault. When I took my car to Walton to see if this can be fixed, they told me your car has been hit from the bottom with large force otherwise this never tilts.",HONDA Point,0
I booked my BR-V and they committed delivery in 1 month but actually delivered in 2 months. Rest their services are good so far.,HONDA RingRoad,1
"They know exactly what to do with cars, a bit expensive but worth it.
100% recommended.",HONDA Gateway,1
Awsome servise,Suzuki Mini Motors (Gulberg 3),0
They changed the oil of less price but charged in bill for expensive grade.. cheat..,Suzuki Raiwind Motors (Raiwind Rd),0
"Regarding auto workshop, services are good. Auto parts are also available at reasonable prices.",Suzuki Adil Zafar Motors,1
Good place and professional service... Customer oriented... Cooperative staff and good listening of Higher Management.,HONDA RingRoad,1
Place for good services in the area,HONDA RingRoad,1
Better than few others,Suzuki Mini Motors (Gulberg 3),1
Busy But Good Place for your Suzuki,Suzuki Adil Zafar Motors,0
Never expect a service from them. It's like someone gives you pathetic full of arrogance service and the charges you 2 times for that from market rate.,HONDA Point,0
"They are Pak Suzuki's authorized dealer. They sell Suzuki vehicles,  Spare parts and provide repair and maintenance services.",Suzuki Khalid Motors (Link Ferozpur),1
Nice experience overall. Got late as their computer system was down but otherwise good staff,Suzuki Mini Motors (Gulberg 3),1
Excellent customer services,HONDA RingRoad,1
"Good showroom that offers other services like service / repair centre, facilitate in purchasing old but good suzuki cars and deals with Suzuki motorcycles.",Suzuki Adil Zafar Motors,1
"Very expensive services, I have been over charged two times. Everytime they try to find out a new fault.... Be careful and deal intelligently while making a visit their....",Suzuki Sethi Motors (Town Morr),0
Not really good but they pretend to be good,Suzuki Khalid Motors (Link Ferozpur),0
Very bad experience. Non cooperative staff,Suzuki Adil Zafar Motors,0
"Well. The staff is very courteous. Jehanzeb Khan is an experienced person who performs the professional way. If you are not aware, you might get charged for petty services. For eg. I was charged for telling me that my CNG advance kit was faulty, which I already knew. Still I will advise to go to M. M.",Suzuki Mini Motors (Gulberg 3),1
Good,Suzuki Raiwind Motors (Raiwind Rd),1
Nice place good staff specially Rustam Sahib very nice person,Suzuki Adil Zafar Motors,1
"Staff is good and co-oprative
Customer services are also good",Suzuki Khalid Motors (Link Ferozpur),1
Better servicies,HONDA Fort,1
Good satisfactory experience.,HONDA Township,1
Very bad,HONDA Fort,0
"Honda Cars Customer Service center, provides all types of maintenance facilities.",HONDA Point,1
"Once I had accidentally visited Suzuki Mini Motors on Sunday (because this is the only Suzuki dealer which was used to open on Sunday) and after that I had never visited any other Suzuki dealership for maintenance. I had visited it a few days ago and the experience was brilliant. I was just sitting in the waiting area and the whole process was carried out by the supervisor. I didn't had to get involved in the micromanagement of the tasks. Even if the customer is not satisfied, he/she can visit anytime soon and tell them. They will reevaluate and provide the remedy. Once I went back and told them that the balancing was not done in the right manner. The mechanic had crossed the  tyres and everything went fine.
I love the service and the behavior of the staff. Overall nothing to complain about.",Suzuki Mini Motors (Gulberg 3),0
Excellent services and curious staff.,Suzuki Mini Motors (Gulberg 3),1
"Location is good, place is clean, management is not that active, quality checks are not checked properly. The processing time is very much and one have to wait a lot.",Suzuki Sethi Motors (Town Morr),1
"False commitments and ignorant attitude.

Car Dealerships have become a scam.

I booked a Car from Honda Township Motors Lahore in February, 2022. As per agreement, delivery was scheduled for November, 2022. Nearly a year has passed but. Rather than solving the problem, they ask for more money for another model which is more costly and a further delay in delivery.

1 year in waiting for the car and yet, all you get is excuses. Where do you go? What do you do? There is no one to question Honda Township Motors",HONDA Township,0
Not much help with after services,HONDA RingRoad,0
"Been visiting since 2005. When you go there ask for Mr. Abdul Islam, the most competent mechanic I know.",Suzuki Mini Motors (Gulberg 3),1
Staff is cooperative but due to over crowded customers it takes a lot of time,Suzuki Sethi Motors (Town Morr),1
Over all nice and cooperative,HONDA Fort,1
Good service,HONDA Point,1
"Don't go this place I went there, and they said my clutch plates of my 2018 was about to expire in 5000 km, i showed them to another specialist and he told me that they had put pressure on the plates for them to expire in 5k kilometers. And clutch plates are the item that is done most in this workshop, it is done so much that they have displayed the rate on their board for each car.",Suzuki Sethi Motors (Town Morr),0
It was expensive but has good workmanship,HONDA Township,0
Mediocre services .,HONDA Point,0
Too long que for new city,HONDA Township,0
great service area. staff is very helpful.,HONDA Gateway,1
Great service,Suzuki Mini Motors (Gulberg 3),1
All accessories are available. I was in search of touch-up paint for my car since 6 months. Searched in Isb also.. but here at sethi motors it is easily available,Suzuki Sethi Motors (Town Morr),1
Very expensive .,HONDA Fort,0
"Good staff. Good service. One thing should be noted by suzuki that they have to provide a receipt to the customers for 1st 1000km service. In my case, they didnt even stamp my manual. Anyhow, thats my experience. Overall they have very talented staff.",Suzuki Mini Motors (Gulberg 3),1
"Cheaters
I have Visited Suzuki Center For Car AC service They told me to fill Gas once more as older one depleted. I checked another suzuki center the answer was same Then i went to punjab Car A.C he just adjusted the setting and told me No need For Gas, Or A.C service as car was mehran 2018 Model I got surprised on fraudish behaviour of Suzuki centers Staff.",Suzuki Khalid Motors (Link Ferozpur),0
They are expensive in comparison with product,HONDA Fort,0
"All payments made , delivery is late in months.
Dirty and irritating behaviour of Honda booking and marketing staff.
No follow up, simply liars .",HONDA Point,0
Very good service indeed.,HONDA Fort,1
Good showroom especially workshop is very good.,Suzuki Khalid Motors (Link Ferozpur),1
Good but as usual staff is not cooperative,Suzuki Khalid Motors (Link Ferozpur),0
"Attitude of staff is lethargic like a government office. My car is insured by Bank Alfalah. It needed  minor denting and paint work. Only bumpers and a fender was to be painted without any repair. They took 6 days for it and the work was not satisfactory.  I had to ask again and again for compound and polish of bumpers. They were least interested and did it after a lot of excuses. The car was not properly cleaned.
I would not recommend it.",Suzuki Sethi Motors (Town Morr),0
Good dealing,Suzuki Raiwind Motors (Raiwind Rd),1
Excellent staff service,HONDA Township,1
Outstanding service quality... Staff is very kind and humble... Give you right advice for your vehicle work... Mr. Shahzad is very cooperative and experienced person..,Suzuki Mini Motors (Gulberg 3),1
They have experienced staff. Good place for routine maintenance. But parts are expensive.,Suzuki Khalid Motors (Link Ferozpur),1
"professional mechanism for all sorts of fault rectification with genuine spare parts , but shocking news is they are charging almost 2400Rs. for just entry and report card filing...",HONDA Gateway,0
"Bought a car from them.  Not impressed at all from their service.  I have to push to get my work done.  Staff was indifferent towards client needs and perhaps more interested in tips.
I developed a problem in one of my car and i visited them they gave me an estimate of 35000 which later on i got done in only rs 2400.",Suzuki Sethi Motors (Town Morr),0
Good experience both sales and service,Suzuki Raiwind Motors (Raiwind Rd),1
Nice but not affordable workshop very very expensive,Suzuki Adil Zafar Motors,0
Very unprofessional staff. Not recommended.,HONDA Township,0
"They offer good washing service, car nut bolt tightening and the opinion was vague, one technician said you must have 6 to 7 repairing work but the final technician said that don't listen anyone. Your car is OK. Anyways a good recommendation by my father",Suzuki Sethi Motors (Town Morr),1
Well designed set up,HONDA Point,1
Staff is out of mind not a professional,HONDA Township,0
"Ofcourse its company operated, so the services are  good. But still a big room for improvement. E.g. One feel helpless even he/she went for simple oil change. Allotment of pits should be at the initial point. Changes in price must be informed through text. They do send alot of messages regarding their marketing, but change in price of products is never part of it. They charge money on cashless transactions, which is a bad thing. Honda is generating huge profits, it should promote cashless transactions and waive off charges on card payments.",HONDA Point,0
Professional and highly trained technician staff.,HONDA RingRoad,1
"Service Manager is not a professional guy.
He don't know how to deal with customers.
Sales team is good",Suzuki Khalid Motors (Link Ferozpur),0
Good service,Suzuki Adil Zafar Motors,1
If u like professional treatment for ur Suzuki car ..they r good in it.,Suzuki Mini Motors (Gulberg 3),1
"Good service quality, probably the best Honda service center in Lahore",HONDA Township,1
Babr is best mechanic. Took my Mehran. He not only properly diagnosed but rectified all the issues. Felt a bit expansive but the peace of mind i got after coming justifies the amount.,Suzuki Mini Motors (Gulberg 3),1
Bad service,HONDA Fort,0
Mr. Zeeshan (Body & Paint) Manager behaviour is not up to the mark. Very bad experience.,Suzuki Khalid Motors (Link Ferozpur),0
Cooperative Staff. Nice place to purchase Honda products.,HONDA Fort,1
Efficient & co-operative staff...,HONDA Gateway,1
Good service but not so good  expert in suzuki motors. I will not recommend,Suzuki Adil Zafar Motors,0
Now their labour rates are going to higher side but eorker are competent,Suzuki Khalid Motors (Link Ferozpur),0
Very nice and courteous staff. Expensive yet good service,HONDA RingRoad,1
Very good services especialy body shop,HONDA Gateway,1
Kam mahnga a par serivice changi dendy ne . A1 PA G,HONDA Gateway,1
"Pathetic body shop work, way too slow for the prices they charge.",Suzuki Raiwind Motors (Raiwind Rd),0
It's good professional staff & Quality services about your car ???. Â,HONDA Gateway,1
Very well staff,Suzuki Raiwind Motors (Raiwind Rd),1
Highly professional staff and recommend to visit there,Suzuki Mini Motors (Gulberg 3),1
"Most of there contact numbers not responding, get there numbers from their Facebook page.",Suzuki Raiwind Motors (Raiwind Rd),0
Very cooperative environment,HONDA Gateway,1
Excellent place for suzuki vehicle maintenance with lots of experienced staff and genuine parts.,Suzuki Mini Motors (Gulberg 3),1
They took almost one hour but unable to fix the issue in my car which was done by an ordinary mechanic outside in 10 minutes.,Suzuki Adil Zafar Motors,0
Body and paint shop is overwhelmed by management errors. They only take in cars on Mondays and there is only 1 lift to reach 2nd floor and it literally takes 15min for clearing a single car to the floor. Had to stand in que for 1hr 45min to get my car to the assigned floor. Pathetic Service!,Suzuki Khalid Motors (Link Ferozpur),0
"Skilled professionals, well equipped with necessary gadgets and work better than ordinary mechanics available in the market",Suzuki Mini Motors (Gulberg 3),1
Experienced staff.,Suzuki Raiwind Motors (Raiwind Rd),1
Had problem with wrongly quoted prices plus bought a new car with most of the nuts/fender/bonnet out of alignment. Break time from 1 pm to 2 pm. It's a okay place to go too not too customer oriented. If you're in for checkup you have to accompany your car or else risk not so good servicing as the foreman is always in a hurry.,Suzuki Khalid Motors (Link Ferozpur),0
Good service,HONDA Township,1
great place,HONDA Gateway,1
"A very well set up suzuki dealership with proper competent workforce. With the latest equipment and proper handling, car has never had any trouble. Its been 5 years and every time I get my car maintained from it. A bit expensive if compared to market but the excess price is compensated since no other fault appears while repairing any existing one.",Suzuki Sethi Motors (Town Morr),1
Sportive staff,Suzuki Khalid Motors (Link Ferozpur),1
"Despite repeated calls, do not attend calls",Suzuki Raiwind Motors (Raiwind Rd),0
menager is co operatiave. finally some companey dealers with smiling face and possitive attitude,Suzuki Khalid Motors (Link Ferozpur),1
Good service,HONDA RingRoad,1
"I have been there several times for regular maintainance and repairs. Everytime the ecperience is kind of neutral.

Labour/staff is not cooperative as compared to Sethi Motors and Ali jan motors.

The system here is less organized and i dont know why the body language of labour make you feel that they are scamming somewhere. Like today, i went there to get the ""Right axle"" checked and after road test he said that the whole part (axle) needs to be replaced. His body language was like he was lying. Then i asked him if i can buy the part from general auto parts shops and not from suzuki then he started whispering with other mechanics and finally he said you can bring yourself and we will install it.

Then he again said, ""you have to get it machined yourself too""

Means he discouraged  me to buy part of my own.

The behaviours were disappointing in short.

Not a customer friendly environment.

At last, i decided not to get it repaired at Adil Zafar motors.

I recommend Sethi Motors, Ferozepur road.",Suzuki Adil Zafar Motors,0
Good place for Car purchasers,HONDA Gateway,1
"Excellent service, excellent customer care, excellent atmosphere and excellent services! Highly expert and skilled team. A place worth-visiting!",HONDA Fort,1
"The place of professional and technical people, taking care of every customer.",Suzuki Sethi Motors (Town Morr),1
Good for honda cars work-mechanical-denting-painting.etc etc honda parts are also available here.,HONDA Fort,1
it is not a long queue place. you can get your car check/repaired within no time. morning timmings are preferable if you want to save your time,HONDA Township,0
"DO NOT VISIT. I have tried almost all the Suzuki service providers but this was totally rubbish. Charging very high money for pathetic work. Gave my car for repair and they stole everything from inside. Also, very poor denting and paint services. Never going there again.",Suzuki Sethi Motors (Town Morr),0
Not good experience,Suzuki Raiwind Motors (Raiwind Rd),0
Everything at one place but getting expensive day by day,HONDA Gateway,1
Amazing staff and services,HONDA Township,1
"HRR team is very knowledgeable, friendly and professional.
Along with good maintenance
will guide you through your dealÃÂ¢?ÃÂ¦and answer all your questions.",HONDA RingRoad,1
??I bought a car them good people ??,HONDA Point,1
Fast service,HONDA Gateway,1
Very Expensive,HONDA Fort,0
Excellent 3s dealership with good work shop and paint shop.,HONDA Gateway,1
"Well! Its good place but when you want to buy any oil from there, they said that they can not give you as I have to take my car there and give them service charges. Feel monopoly for the products of Honda. 2 stars only for Sale service center as they are very nice and cooperative. Service center head adil Sir not available when I complain rest stuff help me except the person who deal with Honda Gear Oil.",HONDA Township,1
Good sitting area but due to larger customers service waiting time is too much high. Prices if parts and services are also high compared to the local market.,Suzuki Sethi Motors (Town Morr),0
"They deal their customers on first priority, quite satisfied.",HONDA Gateway,1
It was Good by Service,HONDA Gateway,1
"Excellent service and cooperative staff 100% professional
Special Thanks to my Buddy  Usman Bhatti",Suzuki Mini Motors (Gulberg 3),1
Went there for oil filter of honda city. They declined to sell it.. Said come with car otherwise not available.,HONDA Gateway,0
Ac mechanic both were absent. Waste of time,HONDA Fort,0
"Good service and waiting room. Friendly environment for females, they have a few female employees, great to see gender balance in a work shop/auto showroom.",Suzuki Khalid Motors (Link Ferozpur),1
Mr. Ali Raza your dealing is really good.,HONDA Fort,1
Awesome Customer Service. Nice environment. Easily Accessible,HONDA RingRoad,1
cheap management. cheap service.,HONDA Point,0
Mini Motors is perhaps the best Suzuki car service workshop in Lahore. Professional staff and efficient delivery.,Suzuki Mini Motors (Gulberg 3),1
Good service,Suzuki Adil Zafar Motors,1
To expansive,HONDA Gateway,0
Very good customer service.,HONDA Township,1
The workshop staff is very good. They don't let you get worried about your car. Ever. The best guy to meet is Irfan. He is a supervisor I think. He knows his stuff and always makes sure that he can guide you in the best way possible. He's always ready for a challenge and gives you honest advice,HONDA Township,1
HITECH workshop,HONDA Gateway,1
The Services are Normal But The Spare Parts Prices are Sky rocketing. I would not suggest Buying Spare Parts from Their Spare Parts Shop.,Suzuki Khalid Motors (Link Ferozpur),0
They deal with the sale and services of various brands of Suzuki cars. Courteous staff in good environment,Suzuki Sethi Motors (Town Morr),1
Nice for buying car,Suzuki Adil Zafar Motors,1
Very good display and service,HONDA Township,1
"Its a Suzuki 3S facility, Staff is polite and well mannered. They are cooperative and experienced. Neat and clean environment.
Parts are bit expensive.",Suzuki Khalid Motors (Link Ferozpur),1
Best workshop than other suzuki shops,Suzuki Sethi Motors (Town Morr),1
Very good services center and competent staff.,HONDA RingRoad,1
One place with multiple services,Suzuki Raiwind Motors (Raiwind Rd),1
"Good service, Staff behavior was om too.",Suzuki Mini Motors (Gulberg 3),1
Big level dealership with lOw commitments...,Suzuki Raiwind Motors (Raiwind Rd),0
Informative,HONDA Gateway,1
Decent experience. Hospitable owners and staff. Do feel that Suzuki Toyota and Honda run a mafia of sorts which hikes prices and provides limited features on vehicles.,Suzuki Sethi Motors (Town Morr),1
A very good place very good service provider workshop is very well equipped  I go to sells department they are not welcome so I don't like it they don't bother if they see you are only hear for estimate of your car or ur mot gone buy today  so I specifically recommend thier workshop and body shop  very good staff and supervisor,Suzuki Mini Motors (Gulberg 3),1
You can buy full range of SUZUKI vehicles here. Selected range of cars and motor cycles are on the display. They are 5S agent of SUZUKI Pakistan. Very old and reliable showroom. Owners of this facility are very humble.,Suzuki Adil Zafar Motors,1
Fantastic service for suzuki mother car useres. Timely and quality service managed here. Really good quality work.,Suzuki Mini Motors (Gulberg 3),1
Nice workshop coupled with great service quality. Their post service following up and user experience is great,Suzuki Mini Motors (Gulberg 3),1
Quick and courteous,HONDA Point,1
"Organized, spacious, efficient staff, easily accessible, accept card and cash, waiting area for customers, separate smoking zone and not inexpensive.",Suzuki Sethi Motors (Town Morr),1
They don t guide properly. They take a lot of money on the name of useless packages,Suzuki Raiwind Motors (Raiwind Rd),0
Don't give a proper response. The way it should be. Doing to much black marketing in Cars. Every showroom of 3S do this .,HONDA Point,0
"Excellent service, friendly staff.",Suzuki Khalid Motors (Link Ferozpur),1
Good but very rushy,HONDA Gateway,0
Comparative staff good dealership in town strongly recommended for your car maintenance they have attractive maintenance packages 100/100,HONDA RingRoad,1
Nice working staff and good services,HONDA RingRoad,1
"Nice workshop, better than other Suzuki showroom workshops, cooperative and highly skilled workers.",Suzuki Adil Zafar Motors,1
Good service,HONDA Point,1
Excellent Service.,HONDA Township,1
Good service but at a high price.,HONDA Gateway,0
Staff isn't corporated. Poor managment,HONDA Point,0
Not Competent enough to diagnose complex problems with Turbo,HONDA Fort,0
"In my opinion, ""satisfaction guaranteed"" good trained and experienced staff. Prices are  high but skilled persons",Suzuki Mini Motors (Gulberg 3),1
For purchase of new cars and after sale service.,Suzuki Adil Zafar Motors,1
"Staff isn't very warm .
They do ok but hide many things and charge u later .",Suzuki Khalid Motors (Link Ferozpur),1
"It good building have suzuki vehicles booking facility but the personnel are out laws,they secretly misuses the vehicles if it is kept in their custody for repair work especially danting n painting. They take the vehicles out of the workshop n misuse it  for their personal use.",Suzuki Khalid Motors (Link Ferozpur),1
Very expensive but good quality work,HONDA Gateway,1
If u want to tune ur car tow adil zafar best hai,Suzuki Adil Zafar Motors,1
The services offered here are very good and the best part is that it is open on Sundays.,Suzuki Mini Motors (Gulberg 3),1
Preferably Better In Service If Compared To Other Suzuki Centres,Suzuki Adil Zafar Motors,1
"Customer care , service and work completion time all are average",Suzuki Khalid Motors (Link Ferozpur),1
"Have a poor experience with them. They have to issue me a cheque since last 1 year. And they say that it is honda atlas domain. No o e is ready to help. Poor after after sales services.
Still same comments.",HONDA Point,0
Expensive and late service,HONDA Point,0
The are good in work but need to give more attention on customary service they will not take such a good attention and make there client upset there insurance agents and customer care workers are not do there work properly every time the leave some work of cars in insurance may be its free tjates why,Suzuki Sethi Motors (Town Morr),1
I m sharing my personal bad experience as i bought brand new Honda Silver  BRV . Its chasis is misalligned. I bought this car on mortgage.  The Honda Ring Road Management is reluctant to file any warranty claim. Its been two weeks and they ,HONDA RingRoad,0
Delivered car on-time but of course I have pay on price. But they kept their commitment. A good experience.,Suzuki Adil Zafar Motors,1
Surprised to see the corporate section is very cooperative and friendly,HONDA Point,1
Excellent service standards and welcome reception. Good brand with open heart ? services.,HONDA Gateway,1
Very polite & helpful staff!!,HONDA Fort,1
"Good service, satisfied Mr.Main Umair sahib is a very cooperative person there.",HONDA Gateway,1
Good experience,HONDA Township,1
Good service & Guest area,HONDA Gateway,1
"Excellent services, even home delivery available.",Suzuki Adil Zafar Motors,1
Nice staff. Best services,HONDA Fort,1
Over priced,HONDA Township,0
Good sale and service center,HONDA Point,1
"Good facility on a very busy road, providing 3S services  sale, service & spares. Sales department is quite active and smart in their business.",Suzuki Khalid Motors (Link Ferozpur),1
Poor customer relationship,HONDA Gateway,0
Staff working there tries to cheat the customer. They charge extra amount in some way or the other.,HONDA Point,0
There mechanics are good and experienced but the rate of parts is very high. The difference of cost between the parts available in the market and from suzuki workshop is more than 7-8 times. So visit them if you have lot of spare money.,Suzuki Khalid Motors (Link Ferozpur),1
They have all the services available at their place with parts and best & trained resources.,Suzuki Sethi Motors (Town Morr),1
Good environment...proper handling of cars for routinely maintenance...separate waiting area... customer friendly,HONDA Gateway,1
Good experience,Suzuki Khalid Motors (Link Ferozpur),1
Not enough parking space available. Very limited cars on display and proper information is not given. Sales staff is courteous but lack information,HONDA Fort,0
4 star because denting painting and repair department is excellent but service and normal check up is worst experience,Suzuki Mini Motors (Gulberg 3),1
"Good place
Mr Mirza in Sales adept is really helpful n cooperative",HONDA Point,1
Service and repair is Very expensive than other Honda dealers and Very unprofessional behaviour. After repair you have to be carefully inspect your car or get inspected by independent inspection team. They don't pay attention and miss so,HONDA RingRoad,0
Staff is not good . Poor management,Suzuki Adil Zafar Motors,0
Beautiful,Suzuki Raiwind Motors (Raiwind Rd),1
Patience because the staff is occupied with too much work,HONDA Gateway,0
"Professional and satisfactory service, courteous behavior and reasonable charges",HONDA Point,1
Astonished to see the extra charge on using bank cards (debit/credit).....a silly way of handling customers....,HONDA Township,0
"Excellent service,  very humble and professional dealing.  Recommended",HONDA RingRoad,1
Best place to get Suzuki. Nice caring staff and very friendly... will discuss details and help you decide which car will be best for your needs,Suzuki Adil Zafar Motors,1
"Customer service is pretty good.  This is my 1st visit can't comment about the maintenanc services. The mechanic I encountered with was greedy, one has to please him (of course by giving money) he ensured best performance of the vehicle let's c! His professional conduct makes every thing dubious! One cannot trust them but their r no other options unfortunately",Suzuki Sethi Motors (Town Morr),1
Excellent Services. Mr. Manazar from Sales is very supportive and cooperative.,HONDA Gateway,1
"Very slow pathetic and expecting staff.  Pay them brubr nd get your work done at time. Otherwise they can take 2 days to change a tail light for you. ????
Very much unsatisfied. ??,https://www.gstatic.com/images/icons/material/system_gm/1x/thumb_up_gm_grey_18dp.png""",Suzuki Sethi Motors (Town Morr),0
They provide good after sale services...,HONDA Point,1
Good Services,HONDA Fort,1
One of the best sales and service point of Suzuki motors in Lahore. Showroom is very neat and clean. The scales staff is courtious and cooperative.,Suzuki Sethi Motors (Town Morr),1
Good service. Parts prices are little higher but service quality is good. Cooperative staff.,Suzuki Mini Motors (Gulberg 3),1
"Professional services with qualified staff. I visit ""Honda Township"" for my ""Honda City"" regular check-ups and maintenance, and I am very much satisfied.",HONDA Township,1
Normal services for car Repair,Suzuki Adil Zafar Motors,1
Good service and good staff,HONDA Gateway,1
Good experience,HONDA Township,1
Very bad experience,Suzuki Raiwind Motors (Raiwind Rd),0
"It has been a year since I moved to Honda Ring Road for the periodic maintenance of my cars. Since then, every visit has added to my customer service experience. Their continuous investment in quality assurance is evident in terms of",HONDA RingRoad,1
Nice staff best price and fast lane workshop available for Suzuki Vehicles,Suzuki Khalid Motors (Link Ferozpur),1
Good place,Suzuki Raiwind Motors (Raiwind Rd),1
Pathetic services till now .. they gave me a faulty car...esp system is malfunctioning and they are unable to resolve that issue... Now they are not responding to my calls even...,Suzuki Raiwind Motors (Raiwind Rd),0
bad experience 1st time service,Suzuki Raiwind Motors (Raiwind Rd),0
Nice,Suzuki Raiwind Motors (Raiwind Rd),1
Well trained staff to take care of your Suzuki vehicles.  Advance appointment is better idea to save your time. Timings are from 9 to 6 sharp. Highly recommended for quality service.,Suzuki Khalid Motors (Link Ferozpur),1
"Busy place. I'll recommend Bilal Autos (10/10) @Academy Road, Gulbergside.",Suzuki Khalid Motors (Link Ferozpur),0
Parts not available,HONDA Gateway,0
Though the weather was too hot but I really enjoyed it. I especially admire the cooperative staff of M/s Khalid Motors,Suzuki Khalid Motors (Link Ferozpur),1
"New service center, novice running it",HONDA RingRoad,1
"Well, as a car showroom and service center, I would rate this place 4-star but since this place belongs to Suzuki (which is a third-class vehicle manufacturer due to its quality of products and expensive prices), it deserves not more than 2-star. Therefore, on average, 3-star in my opinion.
They provide good car services but rates are quite high as compared to local market (because of being a brand). Also, their upper and sales staff is bit amateur and needs some professional training.",Suzuki Adil Zafar Motors,1
They didn't even have a meter to check the air.,HONDA Gateway,0
Its very good workshop and 3S dealership one of the largest available in lahore for Honda.,HONDA Gateway,1
Very unprofessional staff. Don't bother to deal customers waiting for their attention. Remain busy in phones and other activities.,Suzuki Khalid Motors (Link Ferozpur),0
Nice car dealers..,Suzuki Adil Zafar Motors,1
After sale service is poor. Staff treat us as we are in typical government office. Lack of ownership and rude behaviour. Sales staff is ok but after sales service is pathetic.,HONDA Point,0
"Too much costly. Recently civic 2017 oil, and Air filter changed from honda and it will Cost 10kÃ°??Â¬ Ã¢?Â¦",HONDA Fort,0
Staff is good cooperative expert and experienced,HONDA Fort,1
It's a well constructed and beautiful made showroom on ferozpur road near model town all vehicles of company are available here with some own and non own basis,Suzuki Sethi Motors (Town Morr),1
Need improvement,HONDA Gateway,0
Overall good experience Staff was good but only prices are so high,Suzuki Khalid Motors (Link Ferozpur),1
Mr. Awan is a very cooperative person there.,HONDA Gateway,1
Masha'AllaH. Excellent Service & Cooperative Staff . Little bit expensive but excellent service .,Suzuki Mini Motors (Gulberg 3),1
I asked my friend and family members Honda ring road good place. But Today I visit Honda ring road for  my car 10000km service. 1 person add battery water with 4 letter oil gallon. And no entire on my warranty card. Today very bad experience.next time not recommend.,HONDA RingRoad,0
Giood but always expensive depite using the same OEMs,Suzuki Mini Motors (Gulberg 3),0
"Best experience. Easy to go and get your honda vehicle inspected and maintained.
Staff is very cooperative.",HONDA Gateway,1
Sethi Motors are the dealers of Suzuki cars. I got Cultus 2021 Model about 1year back. Excellent staff and excelent after sale services.,Suzuki Sethi Motors (Town Morr),1
"Exquisite service and support! Labour costs are a little higher in comparison with other workshops. Besides, their staff are highly skilled and embraced with technical know-how. If you own a vehicle manufactured by Honda, then this would be the right place for regular maintenance.",HONDA Fort,1
"It's a compliment message

Had a visit today for a service for my Honda Civic. Met with Mr. Saqib Jameel, ÃÂ¢?ÃÂ¦",HONDA RingRoad,1
Parts are not available,HONDA Point,0
always a choice for honda lovers,HONDA Gateway,1
Well organized the  Suzuki Motor Showroom and workshop by Khalid Motors.,Suzuki Khalid Motors (Link Ferozpur),1
"Visited this place once,had a little interaction with staff. Seems professionally okay but since this is  Suzuki's showroom, it deserves not more than two ??? for selling kachra cars in this country",Suzuki Sethi Motors (Town Morr),1
Very expert mechanical staff. Service changes littel high but services are very satisfactory,Suzuki Adil Zafar Motors,1
"I would not recommend anyone to go through ÂSuzuki Khalid Motors Lahore.

As they are highly unprofessional will not pick your calls and you have to visit them to no avail and will make you do rounds around the Dealership and Suzuki Regional Office. Its been more than 2 months and they are saying car will come in 1 or 2 days Regardless knowing anything as they have ZERO information.

So save your time and donÂt book anything from this particular dealership and youÂll thank be later.",Suzuki Khalid Motors (Link Ferozpur),0
The dealership have un matched space but uncooperative staff,HONDA Gateway,0
Best services with experienced staff,HONDA Fort,1
Bad experience,HONDA Township,0
Very competent and courteous staff. I've gotten my car repaired twice from KM and it was super.,Suzuki Khalid Motors (Link Ferozpur),1
Very bad experience,Suzuki Khalid Motors (Link Ferozpur),0
Bought our car from here and good after service by the team here.,Suzuki Khalid Motors (Link Ferozpur),1
"Very busy place. Sale, parts and service facilities for Honda Vehicles is available.",HONDA Gateway,0
"False commitments and ignorant attitude.

Car Dealerships have become a scam.

I booked a Car from Honda Township Motors Lahore in February, 2022. As per agreement, delivery was scheduled for November, 2022. Nearly a year has passed but. Rather than solving the problem, they ask for more money for another model which is more costly and a further delay in delivery.

1 year in waiting for the car and yet, all you get is excuses. Where do you go? What do you do? There is no one to question Honda Township Motors",HONDA Township,0
"Good maintenance, service and repair facilities available. Also, new cars sold here.",HONDA Fort,1
Service is slightly slow,HONDA Fort,0
Always a great experience.,Suzuki Sethi Motors (Town Morr),1
Very congested place,HONDA Fort,0
Satisfied with performance. Good Service,Suzuki Adil Zafar Motors,1
staff behavior is good  and cooperative,HONDA Gateway,1
just ok average work too muxh expensive,HONDA Gateway,0
It's good place,HONDA RingRoad,1
"I didn't feel any difference between mini motors and other Suzuki service centers, Local garages and mechanics are way better than Suzuki service centers.",Suzuki Mini Motors (Gulberg 3),0
Service is good but too expensive??,HONDA Point,0
"Over Occupied with respect to services, No welcoming attitude by staff.
Better to visit some other 3s",Suzuki Sethi Motors (Town Morr),0
I am employee in this dealership. This very good dealership. This peace of heart of gajjumata,HONDA RingRoad,1
"Done AC service from sethi motors, staff is friendly and guide you. rates are on higher side but atleast have peace of mind that parts would be original if require replacement.",Suzuki Sethi Motors (Town Morr),1
Good experience....,HONDA Point,1
Too busy workshop but good service overall,Suzuki Sethi Motors (Town Morr),0
Good services at body shop,Suzuki Adil Zafar Motors,1
"Good to have services on Sunday, always check your bills with actual parts used as there may be some embezzlement, after detail comparison with others, rates seems higher, customer sitting area is average, wash rooms in dirty condition, denting painting service is too costly",Suzuki Mini Motors (Gulberg 3),0
Good quality work. Timely service. Friendly people.,HONDA Township,1
Good servise,HONDA Fort,1
"Normal service. Salesman was not that courteous in his tone and showed little or no interest in making a prospective client.

The owners need to check on their services and such kind of employees which let them down.

Other showrooms contacted were more convincing and courteous.

The future is all about good service now and the owners need to open their eyes.",Suzuki Sethi Motors (Town Morr),1
Good place for car purchase and repairing,HONDA Township,1
Service is good but spares prices high,Suzuki Adil Zafar Motors,1
I have good experience of buying new car from Sethi Motor. The person who deal me was Mr. Babar Shahzad. I found him cooperative and nice man.,Suzuki Sethi Motors (Town Morr),1
Wonderful showroom and good service provider,HONDA Gateway,1
A better place for solution of all problems regarding your  Honda car under single roof!,HONDA Gateway,1
"New Suzuki cars Mehran, WagonR, is available here. Genuine Suzuki spareparts are also available here",Suzuki Khalid Motors (Link Ferozpur),1
Services are very good but hell expensive i mean fazool mai hi itna expensive where you can ask for the services of 10k here you have to spend 30 to 40k i mean dimag thek hai,HONDA Fort,0
Extremely disappointed with the services seems like they dont even want to talk with the customer.,Suzuki Sethi Motors (Town Morr),0
Very nice location from where u can easily move any where in lahore,Suzuki Khalid Motors (Link Ferozpur),1
Nice service to the customers...quick response,HONDA Gateway,1
"Very professional staff, quick services and quality work.",Suzuki Mini Motors (Gulberg 3),1
Very much good experience with them,HONDA Fort,1
Non Professional staff and Mechanical team,Suzuki Raiwind Motors (Raiwind Rd),0
Kuch mechaniqs khud he passay zayada bol daitay but ap senior se pehle clear,HONDA Township,0
Bad experience. Repair one part and make scratches on other parts.  Very unprofessional work,Suzuki Sethi Motors (Town Morr),0
Lovely place,HONDA Fort,1
Services are OK.. While Spare parts prices are too much high even unaffordable in some cases.,Suzuki Adil Zafar Motors,0
Nice Office but relation officers are unqualified,Suzuki Raiwind Motors (Raiwind Rd),1
"I would avoid Honda Point. I went for a oil change. Instead of seeing a customer service staff, I was moved between four different staff members. The whole operation was based in a stuffy, hot and smelly workshop area. I highlighted the issue everyone I met there and they all blamed their management. This shows that the Honda Point is being run by inefficient managers who don't know even the basics of customer service or about the concept of one stop customer service. I will never visit them again but also advise you to research if other Honda dealerships are offering better service.",HONDA Point,0
Customer dealing is very poor zero empathy for clients. They won't reissue my delay delivery cheque after my father passed away been 4 months and still going... service center is over priced and not worth going they didn't satisfy me during inspection not recommended (i asked to check my new car is showing some electric errors the electrician put his hand on the fuse box and got the revelation that everything is fine)... not a fan of honda anymore... only person worth meeting is the manager,HONDA Gateway,0
Good courteous staff.,HONDA Township,1
"Tune of sales representative was different while purchasing and delivering.
Bought city Aspire but now we think in this price range this car is not recommended.

Anyhow this place provides car overall services in terms of purchasing new cars and maintaining your car.",HONDA Gateway,0
Good for tuning only.,Suzuki Sethi Motors (Town Morr),1
"Extremely bad service, they have no concern for customer service, they will make you wait for ages and never stay up with their commitments, they will take longer than the the time they have given to you, i had extremely bad experience with them, especially the body shop, they don?? value their customer, we spend 3,4 times higher at their workshop to get a good customer service but unfortunately they don?? value the customer and this happened with me when i was getting my car?? work on cash payment, if its insurance than they will treat you even worse, Usman butt is the in-charge of bodyshop who will try his best to make your drag dates and create inconvenience for you and later on will say its your fault. Never getting any services from them in future. They consumed 10 days just to replace a bonnet and fender.",Suzuki Mini Motors (Gulberg 3),0
Quality service,Suzuki Raiwind Motors (Raiwind Rd),1
"A fully equipped workshop having 5S Services.
Good customer care attitude located near LOS stop off ferozpur road",Suzuki Khalid Motors (Link Ferozpur),1
Suzuki car showroom.  They are offering good service to their customers but might be slightly expensive,Suzuki Sethi Motors (Town Morr),1
no special care,Suzuki Raiwind Motors (Raiwind Rd),0
Authorised Suzuki Car Dealer & Workshop,Suzuki Khalid Motors (Link Ferozpur),1
"Professional staff, organized work flow, peace of mind
Update after 2 years - amazing how they continue to uphold the first comment.",HONDA Gateway,1
"My first visit and Experience was good, staff was very friendly and helpful.",Suzuki Mini Motors (Gulberg 3),1
"Nice place, good experience. A little expensive and a bit high price rates for products but the experience was quite satisfying.",Suzuki Adil Zafar Motors,1
I took my off from office just for my vehicle work They first wasted time on the things to complete their day and at the day end they only done break service in  ,Suzuki Raiwind Motors (Raiwind Rd),0
Staff is very kind and cooperative from top to bottom management. We had a great experience buying our first car from there.,Suzuki Khalid Motors (Link Ferozpur),1
"Unprofessional staff, Miss commitments again again and again. Unprofessional Attitude.
I suggest no any body visit this show room due my experience is very poor for purchase honda city 1.5",HONDA Gateway,0
Sethi motors was ausome as far as services are concerned. They don't take much time either in serving. Still depends upon work load i would say.,Suzuki Sethi Motors (Town Morr),1
It was very warm and nice as the staff and the work was great,HONDA Gateway,1
I go there for car repair in the  basement. Amazing experience.,Suzuki Sethi Motors (Town Morr),1
Excellent ? Â,HONDA Gateway,1
Good experince. Educated technical staff. Cleen environment.,HONDA Township,1
"Excellent choice. You can wait in a rest area and tea, watch tv ,read newspaper while your car is being serviced",Suzuki Mini Motors (Gulberg 3),1
They are good at servicing...the only dealership who do ask customers for tea or coffee...,Suzuki Raiwind Motors (Raiwind Rd),1
"You can get any of your Suzuki car fixed or u can buy some of the Suzuki cars here...
Thx 4 reading please like.
Regards",Suzuki Khalid Motors (Link Ferozpur),1
"Even if they know that problem is little, they will ask you that this problem require something which cost you big amount, after  your agreement, they will fix it in 5 minutes. Everything problem is further divided into subproblems, just to make extra money. This is mentality of these certified technicians of Khalid Motors",Suzuki Khalid Motors (Link Ferozpur),0
It was Good experience,HONDA Fort,1
"Staff isnÂt cooperative at all.
You wonÂt feel happy & satisfied at this place dealing",HONDA Gateway,0
Excellent point to maintain your honda,HONDA Point,1
Nice place for all matters about Suzuki cars,Suzuki Khalid Motors (Link Ferozpur),1
0 % performence,HONDA RingRoad,0
I have been asking for gear oil since i purchased my car in 2020 but they don't have any and i don't know when will I be able to get it. Service is ok btw.,Suzuki Sethi Motors (Town Morr),0
No one picks your call,HONDA Township,0
"Pathetic service. Thugs and looters. Destroyed AC of my new car,  delayed stuff for 6 months till my insurance expired then gave me a plan of Rs 100 000 to fix it. And cherry on the cake, ""chori with sina zori""",Suzuki Adil Zafar Motors,0
An authorized dealership of Paksuzuki motors company serving the city in sales service and spareparts as well as used car exchange.,Suzuki Khalid Motors (Link Ferozpur),1
Dangerous area,HONDA RingRoad,0
Great works very satisfied performance than othrr Suzuki dealerships and the big thing is rates are reasonable and less than others.,Suzuki Mini Motors (Gulberg 3),1
"They sell cars only at OWN money. They always refuse booking a car by saying ""our quota is finished""",Suzuki Adil Zafar Motors,0
Very good,Suzuki Raiwind Motors (Raiwind Rd),1
Very worst place ever visited. I will recommend people to not visit this place. Sethi motors or mini motors much much much better then them.,Suzuki Khalid Motors (Link Ferozpur),0
Good honda center you can purchase the new brand honda cars from here,HONDA Township,1
Great service great experience,Suzuki Sethi Motors (Town Morr),1
"""I had a very disappointing experience with this workshop. The customer service was extremely poor, and the staff were rude and unprofessional. If you value your time, money, and car, I would strongly advise against visiting this place.""",Suzuki Raiwind Motors (Raiwind Rd),0
"Best Honda workshop, excellent mechanic and workforce",HONDA Township,1
Their lighting is terrible in the workshops.  ,Suzuki Raiwind Motors (Raiwind Rd),0
Organized and good service center staff is professional part's and accessories prices are on higher side compared with others dealt in genuine part's,HONDA Point,1
very poor service..and management motive is just to earn money not work to client satisfaction...,Suzuki Sethi Motors (Town Morr),0
Always good,Suzuki Raiwind Motors (Raiwind Rd),1
Good service so far. But a bit expensive,HONDA Township,1
Ac not working in the waiting room,Suzuki Raiwind Motors (Raiwind Rd),0
"Good professional people, all things under one roof...",Suzuki Mini Motors (Gulberg 3),1
Lazy staff and very technical service issues like air compressor is out of order and printer is out of order in body and paint shop.,HONDA Point,1
poor service,HONDA Point,0
Very bad Service n not customer care,HONDA Gateway,0
Managerial Staff is extremely non professional. They only give you expensive solitions. Paint and body shop managerial staff is least concerned about making customers.,Suzuki Mini Motors (Gulberg 3),0
Staff has no technical knowledge and periodic maintenance knowledge.  ,Suzuki Raiwind Motors (Raiwind Rd),0
Poor value of money.  Lack in customer service,HONDA Gateway,0
Very good staff,HONDA Point,1
Good workshop,HONDA Point,1
Good service,HONDA Gateway,1
"It is good place to have maintenance of your honda Car.Staff is professional and well trained.
This place should be open on sunday as well so the people who are doing job should be able to manage their car maintenance in their off days",HONDA Gateway,1
"On my last visit 3 days ago, the sale  person (arslan) who was dealing me dodged with me. He asked me to do those works that are not required by my new car at this time. Secondly, he charged me the most expensive engine oil without",Suzuki Khalid Motors (Link Ferozpur),0
"I went here for a repair for my car. The repair work itself was fine but the customer support staff were not professional and made me wait for an eternity whether it be getting an estimate for the damage to after the work was done and the invoice was to be paid. All in all it was an ok experience due to the quality of the repair work. Other than that, the customer support staff need to be professional and better trained on how to deal with customers.",Suzuki Sethi Motors (Town Morr),0
Perfect location,HONDA Township,1
Sales services and part's,Suzuki Adil Zafar Motors,1
Good workshop,HONDA Township,1
Excellent and wonderful,HONDA Point,1
They usually do charge more than the market for the services they provide and if you dont have an insured car and you are going for repairment  of your dented car they will charge allmost thrice of the market rate.,Suzuki Khalid Motors (Link Ferozpur),0
Best experience,HONDA Township,1
"This place is fabulous! I found them honest & helpful. From service to quality and total ease of the process, this place has it all. Very nice customer service.",Suzuki Sethi Motors (Town Morr),1
Had a very good experience of buying a car with very friendly and professional staff.,HONDA RingRoad,1
Nice workshop,HONDA Fort,1
"This Suzuki show room has lunch break of 1 to 2. Even if you go for oil change at 12.30 , they keep you waiting till 2 pm even for this minor work. Suzuki needs to improve this. It wastes a lot of time of people going there. The workers there can split their lunch break and can divide this break between two shifts. But stopping work for almost 1 hour 30 minutes wastes a lot of time. Many people don't opt Suzuki workshops due to this.",Suzuki Sethi Motors (Town Morr),0
"Well experienced staff and quality work, both at same place",HONDA Fort,1
It was nice visiting there. Staff was cooperative and the rate you get from there is the cheapest as compared to Suzki distributors.,Suzuki Khalid Motors (Link Ferozpur),1
"It's a nice place, staff is very cooperative.",Suzuki Adil Zafar Motors,1
Assallamualaikum.wr bhai is showroom ka contact no kisi k pass tu de dain jo no inhon ne dia hai net per wo band hai .,HONDA Point,0
"Useless customer service and they will never pick your call no matter how much u try. They ask too much On Pay money compared to other showrooms. They were asking Rs.150,000 On Pay on Suzuki Swift Automatic while all other showrooms kept their rate at Rs.100,000 plus minus.",Suzuki Sethi Motors (Town Morr),0
Very expansive,HONDA Fort,0
Most memorable place and cooperative place,HONDA Township,1
too much expensive,Suzuki Raiwind Motors (Raiwind Rd),0
"Huge establishment centrally located in the city. Sales, Service and Spare parts are available. Heavy rush on Weekends. Nice, friendly and cooperative staff",Suzuki Sethi Motors (Town Morr),1
So good    ,Suzuki Raiwind Motors (Raiwind Rd),1
"The  company dont provide mask  to visitors .. even with so much big setup.. thy are chwal .. dont let enter people
Poor facilites.. Aik airbag tu 26lac ki car mei de nai sakay.. ye mask dein gey",HONDA Township,0
Like always a satisfied customer. Salman guy here is really experienced and intelligent,HONDA Gateway,1
Very good experience because I have purchased new car alto vxr also very good service,Suzuki Khalid Motors (Link Ferozpur),1
The show room is really nice and the design of showroom Building is also very nice.,HONDA Point,1
"One of the most pethaic place,  where the workers can steal the original parts from the cars and sale to the same customer or some other when visit for car service. The same happened to me 3 times. Its owner mistake who hired such type of worker, who steal the small things from the cars.  I strongly not recommend anyone to go there.
Most disappointing service of sethi motor kalma chowk.",Suzuki Sethi Motors (Town Morr),0
Very good after sales service. Humble staff. Will definitely come back.,Suzuki Sethi Motors (Town Morr),1
Professional staff and Quick service .Though little expensive then market,Suzuki Mini Motors (Gulberg 3),0
Nice Experience but costly (not only service but parts too).... recently cost have really soared for oil changes even. Warranty recalls are also difficult to get approved. Still one of the best Honda dealership in town,HONDA Fort,0
"Denting and painting department of Khalid Motors is very Disappointed
Specially Mr.Zeshan head of painting department is very disappointing .
The boy junaid assistant of paint department is  also very disappointing .
Don't go there for paint & denting purpose.",Suzuki Khalid Motors (Link Ferozpur),0
Big show room and work shop good service's,Suzuki Khalid Motors (Link Ferozpur),1
Good customer service,Suzuki Khalid Motors (Link Ferozpur),1
Suzuki khalid motors is authorized dealers from suzuki motor company they provide genuine parts service maintenance denting penting and many more they deal in used and new cars. We,Suzuki Khalid Motors (Link Ferozpur),1
"Wonderful place, great experience.",HONDA Point,1
Not recommended.,Suzuki Raiwind Motors (Raiwind Rd),0
Bad service. Maintenance level not good. Mechanics buy parts from their stores in cheap and sell it on high price without providing any invoice.,Suzuki Mini Motors (Gulberg 3),0
"Poor staff cordination
Customer fully unattended.",HONDA Gateway,0
Staff is good. Not well managed. You have to wait  even for inspection.,Suzuki Adil Zafar Motors,1
Car maintenance work is good,HONDA Township,1
"Great experience, Easy to access through Ring road and Amazing customer service. Thanks HRR Team",HONDA RingRoad,1
"My Suzuki alto 2020 has missing problem since one month, but Suzuki mini motors technical staff did not diagnose the problem till now. very very cheap service and staff....My new car khrab krr dii begarton nae.... I have complete evidence of inefficient technical staff ......pls do not go suzuki mini motors...not recomended",Suzuki Mini Motors (Gulberg 3),0
I've always been satisfied with their service. My brother and I both own a Honda and have always gone here. Their bodywork guy/denter is amazing.,HONDA Point,1
"Near to main road, parking facility outside showroom. Generally good reputation",Suzuki Khalid Motors (Link Ferozpur),1
Nothing special,HONDA Gateway,0
Very nice staff and service.,HONDA Gateway,1
"Good services, courteous staff",HONDA Gateway,1
Very expensive but good service,Suzuki Raiwind Motors (Raiwind Rd),0
One of the best honda service center in Lahore,HONDA Township,1
Poor management. Staff is not technical. Overall bad experience!,Suzuki Raiwind Motors (Raiwind Rd),0
Friendly people there they guide you for the best choice,Suzuki Khalid Motors (Link Ferozpur),1
"There estimate is very high and not acceptable, better to work from outside",HONDA Point,0
You can book and buy all Suzuki vehicals from this place. All the employees are very nice and co-operative here.,Suzuki Khalid Motors (Link Ferozpur),1
It comes below my exceptation.They dont fulfill there comitment.i face very trouble i never recomand to any other person.The staff is not loyal with there work and client.,HONDA Township,0
Only dealer ship thats why its need to be visited otherwise no good display no good salesman ship,HONDA Fort,0
"For the very first inspection, I have to request for every work written in the check list. Not suitable for first and second free inspection. Their foreman is there for promoting their business and asks working parts to change at highest prices. It's better to get your car tunned here but for buying parts, you have to look other options as prices are too high. Looting customers in every possible way. Strongly discouraged to visit",Suzuki Mini Motors (Gulberg 3),0
Amazing experience operative staff ,HONDA Township,1
Need too much improvements,HONDA Fort,0
"Very Bad and Pathetic Experience. Would not recommend anyone going there.

Went to Suzuki Mini Motors another branch named Suzuki Pine Avenue Motors.

Went there and got x2 cars booked Alto VXR on different names and different bank drafts. But they called us back after few days that our booking has been withdrawn as suzuki believes that we are investors. They even charged us the insurance fee for both cars as according to their new policy they will charge insurance fee i.e. 2% of invoice price just to avoid investors.",Suzuki Mini Motors (Gulberg 3),0
All services of Suzuki vehicles under One roof. Nice sitting place for customers..Prayer Are and led in sitting room,Suzuki Sethi Motors (Town Morr),1
"Excellent service, workmanship and dealing is very decent and professional attitude.",Suzuki Mini Motors (Gulberg 3),1
Hate this location that is carapt mafia,HONDA Township,0
Insurance claim services is still bad,HONDA Gateway,0
Good display.sale staff was efficient and cooperative but not well informed.,Suzuki Sethi Motors (Town Morr),1
Prices of services were too High,HONDA Point,0
"This is a Nice and beautiful ShowRoom... But Huge traffice you have to face to reach there... it is easy to reach for people approching from within the city. But its very difficult to reach there for people coming from districts like Faisalabad, Sheikhupura and Gujranwala as people have to cross whole city to reach there. But its true that they have better staff and trusty owner.",Suzuki Mini Motors (Gulberg 3),1
"Nice ambience.
Professional approch.",HONDA RingRoad,1
Absolutely nice experience all are sophisticated well mannered and skilled mechanics/ technicians,HONDA Point,1
It was first and good experience,HONDA Fort,1
"Had car tuned and oil changed, nice guys. Comfortable customer lounge, separate for both men and women!",Suzuki Mini Motors (Gulberg 3),1
Extremely poor services with very rude behavior of staff. Will never visit again,Suzuki Mini Motors (Gulberg 3),0
Good service.. polite and cooperative staff... Complete their tasks on time.!,Suzuki Khalid Motors (Link Ferozpur),1
"Service is good, repairing tools are enough, you  have to pay only 350 formally to the workshop while leaving. other expenses would have to be paid to the mechanics behind the door how much they want.",Suzuki Sethi Motors (Town Morr),1
"Honda ring road services are just pathetic, may it be professionalism, guiding customer about problem, on time delivery, everything is doubtful. manipulation of records is practice here. Would not recommend to anyone",HONDA RingRoad,0
Amazing service and very well organised.  . Being a woman I was catered to very well . .and without any fraud . Excellent,Suzuki Sethi Motors (Town Morr),1
nice service but very busy place,Suzuki Sethi Motors (Town Morr),1
"Gd gob
Great work
Fast service",HONDA Point,1
"Good place to service your Honda cars. They have all the services... repairs, service, spare parts, painting etc.",HONDA Point,1
"Its 3S Suzuki Showroom. 3S stands for ""Sales, Service & Spare Parts""....... Its professionally being run by Mr. Khalid Sethi who is brother of Khawar Sethi, the owner of ""Sethi Motors"" another 3S showroom in Lahore. So one can say  Suzuki Khalid Motors is being professionally run by a professional family who has their family business.....",Suzuki Khalid Motors (Link Ferozpur),1
It's suitable place due to its complete after sale service solution.,Suzuki Mini Motors (Gulberg 3),1
"FFI in only 16 minutes.
Great service",Suzuki Mini Motors (Gulberg 3),1
"Very nice and neat premises, staff is cooperating too.
Workshop is neat, supervisors are attentive, whereas technicians though trained, but are a little skippy.
My overall experience of workshop is good and satisfactory.
??Honda Motors company unfairly give lengthy booking dates. Which is against honesty and a mark of shame on Honda.
There are no floor mats in new cars, not even the engine protective plastic sheild. These are very cheap items and should be provided with new car as compliment.
Honda is always copycat in terms of design and innovation as compared to Toyota, which is far batter in design and innovation.
Honda Pakistan is 5 to 7 years behind international market of Honda. Vehicles lack security and sensory features compared to same model in other countries. Whereas prices are higher comparing to Hondas' other Asian markets.
Honda Pakistan is not customer friendly and is not faithful to Pakistan and its citizens. Please check Honda vehicles price and features comparison in Asian countries vs Pakistan.
GovernmentÂs negligence too facilitates the manipulative manufacturers, rather than the citizens.",HONDA Gateway,1
Having very bad experience. No one going to listen you.for service etc..pathatic service,Suzuki Khalid Motors (Link Ferozpur),0
Nice show room,HONDA Point,1
Pathetic booking staff. Simply liars. They don't value commitment and customer support. Bunch of third rated class. Government is helping them to loot people.,HONDA Point,0
Normally they provide okay services. But one time they installed defective product and I had to waste my time arguing with the management to get a refund.,HONDA Point,0
"Yes today i visted sethi motors, feroze pur road. I was given good protocol  and all technical as well as supervisors treated me well.i am very satisfied with their work. Thanks sethi motors",Suzuki Sethi Motors (Town Morr),1
"Felt similar to visiting a govt office. Lethargy , politics , unprofessional attitude all around. A place frozen in time with a mindset of 30 years ago",Suzuki Mini Motors (Gulberg 3),0
Extremly poor service from there staff specially Shahid Sb. Not even a logo was installed of my car after getting repaired. Pathetic quality of paint and service by suzuki raiwind motors and when i called him after 5 days to get my car as  ,Suzuki Raiwind Motors (Raiwind Rd),0
Good and cooprative staff,HONDA Fort,1
Not much satisfied with service. Non professional behavior,HONDA RingRoad,0
Very Bad Experience!! Staff is not cooperative. Their employees and sales manager aren't cooperating with us. I'll never recommend honda to anyone. They just waisted my time.,HONDA RingRoad,0
Great Service and highly recommended,Suzuki Raiwind Motors (Raiwind Rd),1
"Poor diagnostic service.
Unprofessional approach
Normal repair takes several visits .
Change other parts instead of faulty ..might to make money ....if C is faulty....they change A then B and then C ...
Although tea and coffee is self service and unlimited",HONDA Township,0
"How they are good in service ? even they are not picking up phone ? Worse service ever, and misguide you.",Suzuki Raiwind Motors (Raiwind Rd),0
Very good staff always ready to help u.,Suzuki Khalid Motors (Link Ferozpur),1
This is not best service and not clear a complain then better mini motor best service in providing,Suzuki Sethi Motors (Town Morr),0
"Purchased two GS 150 SE from this showroom. The team is very cooperative, understanding and the Bikes were great. The showroom is really big and they sell both cars and bikes.",Suzuki Khalid Motors (Link Ferozpur),1
Excellent services. Love the staff specially manager Mr. Subhan,Suzuki Mini Motors (Gulberg 3),1
Good service,HONDA Point,1
Very professional staff with good techniques and skills,Suzuki Mini Motors (Gulberg 3),1
"Excellent place for buying a new car!
They have good staff for dealing!",Suzuki Mini Motors (Gulberg 3),1
Best Car technical services place where you are properly guided by staff about your vehicle and you get experienced mechanics,Suzuki Khalid Motors (Link Ferozpur),1
"Had a very loyality diverting experience, this is not for what you go to 3s dealership so they can lie to you just to make some money, this is what road side mechanics do.
I own a 05 baleno, and am a regular customer of Suzuki Samanabad motors but this time I wanted to get my car checked with scanner that they didn't had so they asked me to check this one (Suzuki Khalid motors) when I reached here I explicitly asked from person who did registration to mechanic that will this tuning have a scanner check and they kept saying they will have it scanned at the end of remaining work and at end they simply called an old guy, not so cooperative, who said they don't have scanner for this model. and instead of apologising or doing something, he was continuously trying to blame it on me by making excuses like no one no more have scanner for these. Though other people in market have it.
Piece of advice:- don't ever go to Khalid motors, you go at these places for peace of mind,which you won't get here, if you have to keep at check on everything better do it from road side mechanic for 1/3 of price.",Suzuki Khalid Motors (Link Ferozpur),1
Very busy work shop but good staff,Suzuki Khalid Motors (Link Ferozpur),0
Excellent customer service...,HONDA Fort,1
Solution of all problems related to your Honda car are available under single roof!,HONDA Fort,1
"They do not want to work
Very casual staff
They are boss",HONDA Point,0
Sale Manager Samar sab is very good Person,HONDA Township,1
"Staff is very very cheap specially the mechanics and guards demanding money for tea ( chay,  panie) which is very bad if customer denied to pay they put there work in waiting hours which bad manners and bad attitude..!! Higher management should take notice ..!!",Suzuki Mini Motors (Gulberg 3),0
"Very good services , especially staff is very cooperative and caring",Suzuki Khalid Motors (Link Ferozpur),1
"Suzuki Sethi Motors, proud to be among the leading authorized 3S dealerships of Pak Suzuki. We provide complete set of automobile solutions under one roof.
Car Dealership ? Automotive Repair Shop ? Automotive Parts Store",Suzuki Sethi Motors (Town Morr),1
Very Expensive,HONDA Township,0
NOt recommended,Suzuki Raiwind Motors (Raiwind Rd),0
"Staff attitude is very good
Waiting time is not too much
Affordable",Suzuki Mini Motors (Gulberg 3),1
"The salesman was very well-coming and clearly explained about the product inquired about. Also brochure was available which proved very helpful in my purchase process.

However they need to improve after sales services.",Suzuki Khalid Motors (Link Ferozpur),1
Staff was cooperative and informative. If driver shows interest in learning they guide you properly and make sure that customer is satisfied. Recommend indeed,Suzuki Adil Zafar Motors,1
Good service,HONDA Fort,1
One of the best car dealers in Lahore. With facilities of car maintenance,Suzuki Mini Motors (Gulberg 3),1
Quality but over pricing,HONDA Fort,0
Staff need training on professionalism. Abusive language,HONDA Point,0
Nice experience,HONDA Gateway,1
"Good staff, cooperative people",HONDA Gateway,1
Good people nice reception,HONDA Fort,1
Nice dealership for Honda lovers,HONDA Township,1
Big & beautiful showroom is situated in Multan road & service also so good,Suzuki Adil Zafar Motors,1
Location is a bit odd....but otherwise Products and SERVICE IS EXCELLENT.,Suzuki Mini Motors (Gulberg 3),1
Nice place nice staff,Suzuki Raiwind Motors (Raiwind Rd),1
Buy new car and workshop,Suzuki Raiwind Motors (Raiwind Rd),1
Good service level,HONDA Point,1
"When I visited and got that package, that was disappointing...",Suzuki Raiwind Motors (Raiwind Rd),0
Services was not good staff was not cooperative lack of technical skill. They are treating like local mechanic,HONDA Point,0
Very good behavious of all technical Staff,Suzuki Raiwind Motors (Raiwind Rd),1
Very professional service. Recommended for anyone who does not have the time or knowledge to deal with mechanics in the market.,Suzuki Sethi Motors (Town Morr),1
"Very bad experience
Untrained staff. No Knowledge about cars. Just focus on parts sale so be careful about",Suzuki Sethi Motors (Town Morr),0
The location of the showroom is the worst. Its under a flyover bridge right next to a railway track where theres a single lane road which is overly crowded. You just fear of scratching  your new car when you get out of there. Better select a different showroom.,Suzuki Mini Motors (Gulberg 3),0
"Terrible sales service, one can only imagine what their after sales service must be like ? I blame the owner who doesn?? invest in human capital development. Shame on the owner just interested in selling. No vision no wonder they are terrible at doing business and competing with the rest of the world",Suzuki Sethi Motors (Town Morr),0
I have a good experience with Honda point because it has reasonable prices and staff was polite,HONDA Point,1
Fantastic but little bit traffic,HONDA Point,1
Their staff is Amazing!!,Suzuki Khalid Motors (Link Ferozpur),1
"Hope they will give me delivery on time, feeling they are chagring me high own then other show rooms. (double)",Suzuki Sethi Motors (Town Morr),1
"The prices are much higher so keep your pockets heavy. And they don't have parts especially for old cars.
And good atmosphere for ladies...",Suzuki Sethi Motors (Town Morr),1
New Vehicles are there for sale,Suzuki Raiwind Motors (Raiwind Rd),1
"very poor performance
your engineer's are very crupt
I can't imagine
suzuki mehran is 2 #car",Suzuki Khalid Motors (Link Ferozpur),0
"Professional service, courteous staff and technically competent. Plus a well equipped workshop.",HONDA RingRoad,1
It's a good showroom but marketing staff is never in mood to show you around a car or offer a test drive.,Suzuki Khalid Motors (Link Ferozpur),0
Not providing Honda spare parts to outsiders except to the one who's getting it's work done over the,HONDA Gateway,0
Best Suzuki motor vehicle repair workshop.,Suzuki Mini Motors (Gulberg 3),1
"Good service, satisfied. After the  electronic tune up mileage improved from 12 km in the city to 15 km..
Motorway near 18 km. More power and quick pick.
Today 2/4/22
Took a long time to change headlight tube, that too after follow up.
Cars need to be timed in and out, service levels fixed for each job. Review by service manager to arrive at efficency levels.
Store was out of fish bulbs???
Also for car horns, no brackets, they told me they get their parts from bilal gunj, car parts second hand market.
Not what you expect of a Honda car dealer.
Is the engine oil recycled too?",HONDA Gateway,1
Good services for Suzuki Cars. With professional workers,Suzuki Khalid Motors (Link Ferozpur),1
Good work and good people,HONDA Fort,1
"Services are poor, customer guidance is not too good",HONDA Gateway,0
"The building is not air conditioned, customer service is nonexistent. Would recommend to anyone.",Suzuki Sethi Motors (Town Morr),0
Very good customer service. I've experienced Honda and Toyota dealerships too and Suzuki Sethi Motors is much better in every aspect.,Suzuki Sethi Motors (Town Morr),1
"Honda Gateway is grate their workers and every thing
but there service was slow",HONDA Gateway,1
Bike service worst experience,Suzuki Mini Motors (Gulberg 3),0
Good customer support and well maintained.,Suzuki Adil Zafar Motors,1
Service is very poor,HONDA Fort,0
Competitively better team.,HONDA Gateway,1
Excellent service. Got my brakes fixed.,Suzuki Mini Motors (Gulberg 3),1
"I went to the workshop, good service, professional people, a bit expensive and take a lot of time due to high traffic volume",Suzuki Sethi Motors (Town Morr),1
Very expensive.,HONDA Fort,0
ExcellentÃ place for the repair work of suzuki,Suzuki Raiwind Motors (Raiwind Rd),1
I have reservation about their customer service. The sale persons don't answer your calls and messages . And don't even call back.,HONDA Gateway,0
Staff is friendly and cooperative. They provide efficient and prompt service.,Suzuki Adil Zafar Motors,1
