wiI7pd,dealership_name,manual_label,review_id,predicted_sentiment,predicted_label
"When Khalid motor started working, it was amazing in services, timely and efficiently, but with time as it goes older services get declined. Staff do things unprofessional and services was disappointing, for one things need several visit to fix.
It's just ok",Suzuki Khalid Motors (Link Ferozpur),0.0,1,0.39689082,0
"On my last visit 3 days ago, the sale  person (arslan) who was dealing me dodged with me. He asked me to do those works that are not required by my new car at this time. Secondly, he charged me the most expensive engine oil without",Suzuki Khalid Motors (Link Ferozpur),0.0,2,0.33592793,0
"Staff isn't very warm .
They do ok but hide many things and charge u later .",Suzuki Khalid Motors (Link Ferozpur),1.0,3,0.7768395,1
Very competent and courteous staff. I've gotten my car repaired twice from KM and it was super.,Suzuki Khalid Motors (Link Ferozpur),1.0,4,0.8828722,1
Parking issue and need to enhance the services setup especially for suzuki customers,Suzuki Khalid Motors (Link Ferozpur),0.0,5,0.6376721,1
Staff is very kind and cooperative from top to bottom management. We had a great experience buying our first car from there.,Suzuki Khalid Motors (Link Ferozpur),1.0,6,0.895834,1
"Axha experience rha, 10 mint main kam krdia. Very experience and trained people are there.",Suzuki Khalid Motors (Link Ferozpur),1.0,7,0.5864834,1
Suzuki khalid motors is authorized dealers from suzuki motor company they provide genuine parts service maintenance denting penting and many more they deal in used and new cars. We,Suzuki Khalid Motors (Link Ferozpur),1.0,8,0.7596105,1
Their service + staff is really great. They are loyal with their work. Treat the vehicle as their own.,Suzuki Khalid Motors (Link Ferozpur),1.0,9,0.90627325,1
"Staff is very skilled and coprative. But main issue is with price. They charge alteast 2x on parts. In same thing is available at half price.

For staff its 5/5 no issue with staff.",Suzuki Khalid Motors (Link Ferozpur),1.0,10,0.41625598,0
Though the weather was too hot but I really enjoyed it. I especially admire the cooperative staff of M/s Khalid Motors,Suzuki Khalid Motors (Link Ferozpur),1.0,11,0.7900516,1
Overall good experience Staff was good but only prices are so high,Suzuki Khalid Motors (Link Ferozpur),1.0,12,0.8383181,1
"The salesman was very well-coming and clearly explained about the product inquired about. Also brochure was available which proved very helpful in my purchase process.

However they need to improve after sales services.",Suzuki Khalid Motors (Link Ferozpur),1.0,13,0.57171607,1
A huge showroom with a well trained staff but due to a big gathering service feels slow sometime....,Suzuki Khalid Motors (Link Ferozpur),1.0,14,0.38558036,0
"I would not recommend anyone to go through ÂSuzuki Khalid Motors Lahore.

As they are highly unprofessional will not pick your calls and you have to visit them to no avail and will make you do rounds around the Dealership and Suzuki Regional Office. Its been more than 2 months and they are saying car will come in 1 or 2 days Regardless knowing anything as they have ZERO information.

So save your time and donÂt book anything from this particular dealership and youÂll thank be later.",Suzuki Khalid Motors (Link Ferozpur),0.0,15,0.3165292,0
"Very good and quick service...
There is room for Improvement in Insurance Claim Department... If your Insurance Company is efficient and responsive then you will get your query resolved at earliest otherwise you have to wait for long time for your turn...",Suzuki Khalid Motors (Link Ferozpur),1.0,16,0.5763882,1
Well trained staff to take care of your Suzuki vehicles.  Advance appointment is better idea to save your time. Timings are from 9 to 6 sharp. Highly recommended for quality service.,Suzuki Khalid Motors (Link Ferozpur),1.0,17,0.6080238,1
There mechanics are good and experienced but the rate of parts is very high. The difference of cost between the parts available in the market and from suzuki workshop is more than 7-8 times. So visit them if you have lot of spare money.,Suzuki Khalid Motors (Link Ferozpur),1.0,18,0.7560072,1
Friendly people there they guide you for the best choice,Suzuki Khalid Motors (Link Ferozpur),1.0,19,0.93052965,1
"I went there for purchasing Suzuki Alto VXR, Sales Deptt demand 200000 RS in terms of Own Payment otherwise asked me to waite for 4 months.
What a nonsense!!!!!!!!!!",Suzuki Khalid Motors (Link Ferozpur),0.0,20,0.8316413,1
"Very poor people, I visited and they forced for their kind of a package for wheel alignment,  balancing etc. My cultus was total out of balance bubling, whenever stop on signal the ignition used to stop, before their all this package the",Suzuki Khalid Motors (Link Ferozpur),0.0,21,0.30634725,0
Bought our car from here and good after service by the team here.,Suzuki Khalid Motors (Link Ferozpur),1.0,22,0.94105756,1
Great service. I bought a car nearly 2 months ago and the staff was very good. I got a good response from them. Also they explained me everything clearly about the car's service. I am really impressed.,Suzuki Khalid Motors (Link Ferozpur),1.0,23,0.8090326,1
"Its a Suzuki 3S facility, Staff is polite and well mannered. They are cooperative and experienced. Neat and clean environment.
Parts are bit expensive.",Suzuki Khalid Motors (Link Ferozpur),1.0,24,0.7780439,1
"Very good services , especially staff is very cooperative and caring",Suzuki Khalid Motors (Link Ferozpur),1.0,25,0.90954685,1
"This time my experience was very bad. I was told to pay Rs 5550/- as total charges of the job done whereas I was given two payment bills amounting to Rs.3850/-. So,in this way, I have been charged Rs.1700/- extra by Khalid Motor's cashier. What can you help me in this regard?
Prof. Waqar Azeem.",Suzuki Khalid Motors (Link Ferozpur),0.0,26,0.26076835,0
"Even if they know that problem is little, they will ask you that this problem require something which cost you big amount, after  your agreement, they will fix it in 5 minutes. Everything problem is further divided into subproblems, just to make extra money. This is mentality of these certified technicians of Khalid Motors",Suzuki Khalid Motors (Link Ferozpur),0.0,27,0.3235629,0
You can book and buy all Suzuki vehicals from this place. All the employees are very nice and co-operative here.,Suzuki Khalid Motors (Link Ferozpur),1.0,28,0.95001245,1
"A fully equipped workshop having 5S Services.
Good customer care attitude located near LOS stop off ferozpur road",Suzuki Khalid Motors (Link Ferozpur),1.0,29,0.85066783,1
"Staff is good and co-oprative
Customer services are also good",Suzuki Khalid Motors (Link Ferozpur),1.0,30,0.939089,1
Good customer service,Suzuki Khalid Motors (Link Ferozpur),1.0,31,0.9544023,1
"Friendly environment, excellent service",Suzuki Khalid Motors (Link Ferozpur),1.0,32,0.96001416,1
"Good service and waiting room. Friendly environment for females, they have a few female employees, great to see gender balance in a work shop/auto showroom.",Suzuki Khalid Motors (Link Ferozpur),1.0,33,0.72413796,1
Called them up number of times but they never picked it up and visiting them was very surprising as well - because they were not very receptive and anything I asked them - they didn't have it and were not sure about it.,Suzuki Khalid Motors (Link Ferozpur),1.0,34,0.39423293,0
Had problem with wrongly quoted prices plus bought a new car with most of the nuts/fender/bonnet out of alignment. Break time from 1 pm to 2 pm. It's a okay place to go too not too customer oriented. If you're in for checkup you have to accompany your car or else risk not so good servicing as the foreman is always in a hurry.,Suzuki Khalid Motors (Link Ferozpur),0.0,35,0.3806354,0
"Purchased two GS 150 SE from this showroom. The team is very cooperative, understanding and the Bikes were great. The showroom is really big and they sell both cars and bikes.",Suzuki Khalid Motors (Link Ferozpur),1.0,36,0.71797323,1
"Had a very loyality diverting experience, this is not for what you go to 3s dealership so they can lie to you just to make some money, this is what road side mechanics do.
I own a 05 baleno, and am a regular customer of Suzuki Samanabad motors but this time I wanted to get my car checked with scanner that they didn't had so they asked me to check this one (Suzuki Khalid motors) when I reached here I explicitly asked from person who did registration to mechanic that will this tuning have a scanner check and they kept saying they will have it scanned at the end of remaining work and at end they simply called an old guy, not so cooperative, who said they don't have scanner for this model. and instead of apologising or doing something, he was continuously trying to blame it on me by making excuses like no one no more have scanner for these. Though other people in market have it.
Piece of advice:- don't ever go to Khalid motors, you go at these places for peace of mind,which you won't get here, if you have to keep at check on everything better do it from road side mechanic for 1/3 of price.",Suzuki Khalid Motors (Link Ferozpur),1.0,37,0.17753232,0
A very good customer service experience regarding Suzuki vehicles,Suzuki Khalid Motors (Link Ferozpur),1.0,38,0.97050923,1
"Cheaters
I have Visited Suzuki Center For Car AC service They told me to fill Gas once more as older one depleted. I checked another suzuki center the answer was same Then i went to punjab Car A.C he just adjusted the setting and told me No need For Gas, Or A.C service as car was mehran 2018 Model I got surprised on fraudish behaviour of Suzuki centers Staff.",Suzuki Khalid Motors (Link Ferozpur),0.0,39,0.31626594,0
Staff is cooperative and  waiting area is well maintained,Suzuki Khalid Motors (Link Ferozpur),1.0,40,0.2998359,0
"One of the best showroom , and work shope for suzuzki vehicles in lahore.",Suzuki Khalid Motors (Link Ferozpur),1.0,41,0.94940317,1
Body and paint shop is overwhelmed by management errors. They only take in cars on Mondays and there is only 1 lift to reach 2nd floor and it literally takes 15min for clearing a single car to the floor. Had to stand in que for 1hr 45min to get my car to the assigned floor. Pathetic Service!,Suzuki Khalid Motors (Link Ferozpur),0.0,42,0.27862957,0
Good cooperative staff..All Suzuki cars variety available...testing facility,Suzuki Khalid Motors (Link Ferozpur),1.0,43,0.9250497,1
"It good building have suzuki vehicles booking facility but the personnel are out laws,they secretly misuses the vehicles if it is kept in their custody for repair work especially danting n painting. They take the vehicles out of the workshop n misuse it  for their personal use.",Suzuki Khalid Motors (Link Ferozpur),1.0,44,0.45703623,0
"Nice and Good Dealership of Suzuki cars in Lahore. 3 s dealership at lahore ferozpur road. Body paint, mechanical works. Parts sale and service. New cars sale. After sale service facility. Warranty claim center.",Suzuki Khalid Motors (Link Ferozpur),1.0,45,0.6971287,1
They usually do charge more than the market for the services they provide and if you dont have an insured car and you are going for repairment  of your dented car they will charge allmost thrice of the market rate.,Suzuki Khalid Motors (Link Ferozpur),0.0,46,0.39934218,0
Very good services and friendly atmosphere,Suzuki Khalid Motors (Link Ferozpur),1.0,47,0.94975114,1
The worst experience ever. Non acceptable behaviour of  Advisors and Manager. No working sense found in technicians.,Suzuki Khalid Motors (Link Ferozpur),0.0,48,0.121999204,0
Very good experience because I have purchased new car alto vxr also very good service,Suzuki Khalid Motors (Link Ferozpur),1.0,49,0.93210655,1
Not bad service just okay but still four star because of the beautiful building,Suzuki Khalid Motors (Link Ferozpur),0.0,50,0.82615817,1
"Good facility on a very busy road, providing 3S services  sale, service & spares. Sales department is quite active and smart in their business.",Suzuki Khalid Motors (Link Ferozpur),1.0,51,0.6578268,1
Good service but very high price some mechanics are honest and good,Suzuki Khalid Motors (Link Ferozpur),1.0,52,0.915764,1
Well organized the  Suzuki Motor Showroom and workshop by Khalid Motors.,Suzuki Khalid Motors (Link Ferozpur),1.0,53,0.30813724,0
They have experienced staff. Good place for routine maintenance. But parts are expensive.,Suzuki Khalid Motors (Link Ferozpur),1.0,54,0.8753679,1
Their staff is Amazing!!,Suzuki Khalid Motors (Link Ferozpur),1.0,55,0.9487653,1
"Service Manager is not a professional guy.
He don't know how to deal with customers.
Sales team is good",Suzuki Khalid Motors (Link Ferozpur),0.0,56,0.46193084,0
Very busy work shop but good staff,Suzuki Khalid Motors (Link Ferozpur),0.0,57,0.8788377,1
GOOD SERVICE FOR PARTS AND BODY SHOP BUT STAFF IS NOT COOPERATIVE,Suzuki Khalid Motors (Link Ferozpur),1.0,58,0.9238142,1
Good service.. polite and cooperative staff... Complete their tasks on time.!,Suzuki Khalid Motors (Link Ferozpur),1.0,59,0.8784845,1
"Experiend stÃ f here
Sab g excellent",Suzuki Khalid Motors (Link Ferozpur),0.0,60,0.9732873,1
Good Service by Suzuki Khalid Motors,Suzuki Khalid Motors (Link Ferozpur),1.0,61,0.95311695,1
Good service,Suzuki Khalid Motors (Link Ferozpur),1.0,62,0.95621544,1
good services and environment.well behaved customer care executive.overall very good experience.,Suzuki Khalid Motors (Link Ferozpur),1.0,63,0.90730137,1
Staff needs improvement regarding customer handling. Very poor staff training.,Suzuki Khalid Motors (Link Ferozpur),1.0,64,0.16947503,0
"Its 3S Suzuki Showroom. 3S stands for ""Sales, Service & Spare Parts""....... Its professionally being run by Mr. Khalid Sethi who is brother of Khawar Sethi, the owner of ""Sethi Motors"" another 3S showroom in Lahore. So one can say  Suzuki Khalid Motors is being professionally run by a professional family who has their family business.....",Suzuki Khalid Motors (Link Ferozpur),1.0,65,0.38408986,0
Suzuki khali motors is a suzuki showroom. U can have a good car. Mr jibran is a sales man here u ca n contact with him. Yhe manager was down to earth man.,Suzuki Khalid Motors (Link Ferozpur),1.0,66,0.5022019,1
Great showroom for suzuki cars. If you want a suzuki car this is the best place. You will find all the information through friendly staff and so many options available at the showroom.,Suzuki Khalid Motors (Link Ferozpur),1.0,67,0.8356103,1
It was nice visiting there. Staff was cooperative and the rate you get from there is the cheapest as compared to Suzki distributors.,Suzuki Khalid Motors (Link Ferozpur),1.0,68,0.85821426,1
Good but as usual staff is not cooperative,Suzuki Khalid Motors (Link Ferozpur),0.0,69,0.6712109,1
Nice place for all matters about Suzuki cars,Suzuki Khalid Motors (Link Ferozpur),1.0,70,0.95387566,1
It's a good showroom but marketing staff is never in mood to show you around a car or offer a test drive.,Suzuki Khalid Motors (Link Ferozpur),0.0,71,0.75190645,1
Good experience,Suzuki Khalid Motors (Link Ferozpur),1.0,72,0.957092,1
trkki to make money,Suzuki Khalid Motors (Link Ferozpur),,73,0.29716253,0
Very unprofessional staff. Don't bother to deal customers waiting for their attention. Remain busy in phones and other activities.,Suzuki Khalid Motors (Link Ferozpur),0.0,74,0.36622867,0
"Ghatia used card section badtmezz Staff
Abusing with customers
Ghatia tareen suzuki dealers",Suzuki Khalid Motors (Link Ferozpur),0.0,75,0.27167904,0
Great Customer Service. Bought my all new GS150SE. 100% Satisfied?,Suzuki Khalid Motors (Link Ferozpur),1.0,76,0.921224,1
"Denting and painting department of Khalid Motors is very Disappointed
Specially Mr.Zeshan head of painting department is very disappointing .
The boy junaid assistant of paint department is  also very disappointing .
Don't go there for paint & denting purpose.",Suzuki Khalid Motors (Link Ferozpur),0.0,77,0.21248344,0
Now their labour rates are going to higher side but eorker are competent,Suzuki Khalid Motors (Link Ferozpur),0.0,78,0.7633815,1
Best Car technical services place where you are properly guided by staff about your vehicle and you get experienced mechanics,Suzuki Khalid Motors (Link Ferozpur),1.0,79,0.7937732,1
"I got delivery of my new car from Khalid Motors. They charged Rs.3000 against car registration commission and once I asked to install number plates they demand extra money.

Very pathetic staff and customer service.",Suzuki Khalid Motors (Link Ferozpur),1.0,80,0.2604602,0
"Near to main road, parking facility outside showroom. Generally good reputation",Suzuki Khalid Motors (Link Ferozpur),1.0,81,0.67019105,1
Having very bad experience. No one going to listen you.for service etc..pathatic service,Suzuki Khalid Motors (Link Ferozpur),0.0,82,0.12029442,0
menager is co operatiave. finally some companey dealers with smiling face and possitive attitude,Suzuki Khalid Motors (Link Ferozpur),1.0,83,0.6225205,1
Very worst place ever visited. I will recommend people to not visit this place. Sethi motors or mini motors much much much better then them.,Suzuki Khalid Motors (Link Ferozpur),0.0,84,0.314108,0
They are very good in their jobs specially body and paint shop.,Suzuki Khalid Motors (Link Ferozpur),1.0,85,0.93439907,1
Manager behaviour is not good and cleaness condition worse.,Suzuki Khalid Motors (Link Ferozpur),0.0,86,0.19438122,0
Big show room and work shop good service's,Suzuki Khalid Motors (Link Ferozpur),1.0,87,0.8131103,1
The Services are Normal But The Spare Parts Prices are Sky rocketing. I would not suggest Buying Spare Parts from Their Spare Parts Shop.,Suzuki Khalid Motors (Link Ferozpur),0.0,88,0.41753727,0
Good experience made here in Khalid Suzuki Motors...,Suzuki Khalid Motors (Link Ferozpur),1.0,89,0.95364195,1
"They are Pak Suzuki's authorized dealer. They sell Suzuki vehicles,  Spare parts and provide repair and maintenance services.",Suzuki Khalid Motors (Link Ferozpur),1.0,90,0.28427905,0
They did nice work,Suzuki Khalid Motors (Link Ferozpur),1.0,91,0.95211434,1
Worst customer service when it comes to suzuki service centers. Workers are untalented and ignorent along with management.,Suzuki Khalid Motors (Link Ferozpur),0.0,92,0.10958396,0
Good dealing but there phones always goes busy.,Suzuki Khalid Motors (Link Ferozpur),1.0,93,0.84736073,1
Good services for Suzuki Cars. With professional workers,Suzuki Khalid Motors (Link Ferozpur),1.0,94,0.8509486,1
"Excellent service, friendly staff.",Suzuki Khalid Motors (Link Ferozpur),1.0,95,0.95832914,1
Bought Suzuki Wagnor VXL yesterday,Suzuki Khalid Motors (Link Ferozpur),,96,0.30301154,0
Mr. Zeeshan (Body & Paint) Manager behaviour is not up to the mark. Very bad experience.,Suzuki Khalid Motors (Link Ferozpur),0.0,97,0.11983671,0
Abdul Rehman True Leader of this company,Suzuki Khalid Motors (Link Ferozpur),,98,0.8883727,1
Sportive staff,Suzuki Khalid Motors (Link Ferozpur),1.0,99,0.3184795,0
Nice staff best price and fast lane workshop available for Suzuki Vehicles,Suzuki Khalid Motors (Link Ferozpur),1.0,100,0.92696536,1
"You can get any of your Suzuki car fixed or u can buy some of the Suzuki cars here...
Thx 4 reading please like.
Regards",Suzuki Khalid Motors (Link Ferozpur),1.0,101,0.40855968,0
Good workers. But paint Shops staff is very arrogant.,Suzuki Khalid Motors (Link Ferozpur),1.0,102,0.87809604,1
Cooperative staff... Almost neat n clean atmosphere...,Suzuki Khalid Motors (Link Ferozpur),1.0,103,0.91461015,1
Amir manager of mechanical work is very competent and always wellcome.,Suzuki Khalid Motors (Link Ferozpur),1.0,104,0.93461055,1
Good advices which are beneficial for customer,Suzuki Khalid Motors (Link Ferozpur),1.0,105,0.9477295,1
Good showroom especially workshop is very good.,Suzuki Khalid Motors (Link Ferozpur),1.0,106,0.9482913,1
"Customer care , service and work completion time all are average",Suzuki Khalid Motors (Link Ferozpur),1.0,107,0.27273408,0
Very good staff,Suzuki Khalid Motors (Link Ferozpur),1.0,108,0.97366947,1
"Buy new car.
Repair baher se kerwaoo",Suzuki Khalid Motors (Link Ferozpur),,109,0.63804823,1
"Service needs improvement. System was down, debit card payment option was out of order.. the job order guy was not satisfactory",Suzuki Khalid Motors (Link Ferozpur),0.0,110,0.25566328,0
An authorized dealership of Paksuzuki motors company serving the city in sales service and spareparts as well as used car exchange.,Suzuki Khalid Motors (Link Ferozpur),1.0,111,0.28061992,0
Good staff with average work quality,Suzuki Khalid Motors (Link Ferozpur),1.0,112,0.81360924,1
Well organized dealership operations and good customer satisfaction.,Suzuki Khalid Motors (Link Ferozpur),1.0,113,0.9492658,1
Very nice location from where u can easily move any where in lahore,Suzuki Khalid Motors (Link Ferozpur),1.0,114,0.9313073,1
Very good staff always ready to help u.,Suzuki Khalid Motors (Link Ferozpur),1.0,115,0.9255357,1
"New Suzuki cars Mehran, WagonR, is available here. Genuine Suzuki spareparts are also available here",Suzuki Khalid Motors (Link Ferozpur),1.0,116,0.8115289,1
Very easy to get quality car service,Suzuki Khalid Motors (Link Ferozpur),1.0,117,0.9361888,1
"very poor performance
your engineer's are very crupt
I can't imagine
suzuki mehran is 2 #car",Suzuki Khalid Motors (Link Ferozpur),0.0,118,0.25180978,0
Authorised Suzuki Car Dealer & Workshop,Suzuki Khalid Motors (Link Ferozpur),1.0,119,0.311127,0
Management should be improved specially when work flow increase,Suzuki Khalid Motors (Link Ferozpur),,120,0.84820986,1
"Busy place. I'll recommend Bilal Autos (10/10) @Academy Road, Gulbergside.",Suzuki Khalid Motors (Link Ferozpur),0.0,121,0.37475714,0
It is a nice place with quiet good dealing officers,Suzuki Khalid Motors (Link Ferozpur),,122,0.90944743,1
"Authoriesed car dealer of Suzuki motors,besides New vehicles it also deal in second hand cars duly certified by them.",Suzuki Khalid Motors (Link Ferozpur),,123,0.3268397,0
Every nice place very good services,Suzuki Khalid Motors (Link Ferozpur),,124,0.96812594,1
Not really good but they pretend to be good,Suzuki Khalid Motors (Link Ferozpur),0.0,125,0.67242515,1
Very bad experience,Suzuki Khalid Motors (Link Ferozpur),0.0,126,0.10719334,0
Bad un managed and disatisfactory services for customer,Suzuki Khalid Motors (Link Ferozpur),0.0,127,0.1359792,0
It's okay but needs to improve training of their sales Staff.,Suzuki Khalid Motors (Link Ferozpur),0.0,128,0.8156048,1
Good service. Costly but original parts,Suzuki Khalid Motors (Link Ferozpur),,129,0.9323571,1
"They are seller, buyers and has service shop of Suzuki cars.",Suzuki Khalid Motors (Link Ferozpur),,130,0.2941661,0
Best place for vehicle buying and after sales services,Suzuki Khalid Motors (Link Ferozpur),,131,0.95595396,1
"I bought suzuku 150se at 130,000 fro khalis motor,  having bikes and vehicle of suzuki",Suzuki Khalid Motors (Link Ferozpur),,132,0.27668294,0
"If it's Suzuki,  it's worst service at higher rates. No matter which showroom you go to.",Suzuki Khalid Motors (Link Ferozpur),,133,0.19678359,0
Best place for Suzuki cars buying and maintaining point of view.,Suzuki Khalid Motors (Link Ferozpur),,134,0.95958984,1
A good showroom with very good a caring staff,Suzuki Khalid Motors (Link Ferozpur),,135,0.961693,1
Nice place gd bndy,Suzuki Khalid Motors (Link Ferozpur),,136,0.9565381,1
"Nice place, good work, excelent service",Suzuki Khalid Motors (Link Ferozpur),,137,0.9596128,1
Nice and cleaned...... Looked professional....,Suzuki Khalid Motors (Link Ferozpur),,138,0.88632345,1
My First Experience is good? Â,Suzuki Khalid Motors (Link Ferozpur),,139,0.9065806,1
Best to best dealer in lahore they have lot of cars with best prices,Suzuki Khalid Motors (Link Ferozpur),,140,0.951948,1
"Service department is good., Especially staff members",Suzuki Khalid Motors (Link Ferozpur),,141,0.90798444,1
Good work shop and car sale showroo,Suzuki Khalid Motors (Link Ferozpur),,142,0.951092,1
Cooperative staff. Nice experience,Suzuki Khalid Motors (Link Ferozpur),,143,0.95749664,1
Good service but play games.,Suzuki Khalid Motors (Link Ferozpur),,144,0.9491382,1
Nice dealership,Suzuki Khalid Motors (Link Ferozpur),,145,0.95817536,1
He bid Suki dealer and has big work shop.,Suzuki Khalid Motors (Link Ferozpur),,146,0.29804197,0
Lack of information of employees,Suzuki Khalid Motors (Link Ferozpur),,147,0.2928594,0
"Quality service, cooperative staff",Suzuki Khalid Motors (Link Ferozpur),,148,0.31622964,0
Loved it. The bEst suzuki car dealer place.,Suzuki Khalid Motors (Link Ferozpur),,149,0.9586512,1
"Chor hen yeh....
Avoid going there please",Suzuki Khalid Motors (Link Ferozpur),,150,0.2767224,0
Khalid motors is a fine show room situated at LOS .,Suzuki Khalid Motors (Link Ferozpur),,151,0.8460517,1
For suzuki cars and bikes,Suzuki Khalid Motors (Link Ferozpur),,152,0.32074875,0
The staff is very friendly and cooperative.,Suzuki Khalid Motors (Link Ferozpur),,153,0.9271813,1
Good and experienced technical staff,Suzuki Khalid Motors (Link Ferozpur),,154,0.92713416,1
V professional staf and friendly,Suzuki Khalid Motors (Link Ferozpur),,155,0.6949184,1
Good suzuki showroom and very cooprating staff,Suzuki Khalid Motors (Link Ferozpur),,156,0.9008148,1
Excellent work ? Â,Suzuki Khalid Motors (Link Ferozpur),,157,0.9804648,1
Had a great experience there,Suzuki Khalid Motors (Link Ferozpur),,158,0.9645817,1
Pathetic customer service not recommended if you want to buy a new Suzuki,Suzuki Khalid Motors (Link Ferozpur),,159,0.18974748,0
Worker some time misbehave that's y 3 star,Suzuki Khalid Motors (Link Ferozpur),,160,0.2797251,0
"V. Good showroom for cars purchasing
And also workshop",Suzuki Khalid Motors (Link Ferozpur),,161,0.95128757,1
Extremely nice & polite discussion with the staff,Suzuki Khalid Motors (Link Ferozpur),,162,0.94638747,1
Not a good dealers in salesman,Suzuki Khalid Motors (Link Ferozpur),,163,0.21028161,0
Very congested and parts are overpriced for no reason.,Suzuki Khalid Motors (Link Ferozpur),,164,0.56351715,1
Everything is very costly but servise is good,Suzuki Khalid Motors (Link Ferozpur),,165,0.8634625,1
A good Suzuki care 3 S service and sale shop,Suzuki Khalid Motors (Link Ferozpur),,166,0.9528056,1
They are looting ppl by extra demands of own,Suzuki Khalid Motors (Link Ferozpur),,167,0.8153171,1
Mechanics are very professional and experienced here.,Suzuki Khalid Motors (Link Ferozpur),,168,0.9097342,1
Staff is not as cooperative and professional as they should be,Suzuki Khalid Motors (Link Ferozpur),,169,0.33832207,0
First free inspection and oil change of my car Suzuki wagonR,Suzuki Khalid Motors (Link Ferozpur),,170,0.85343814,1
Staff attitude and service not satisfactory.,Suzuki Khalid Motors (Link Ferozpur),,171,0.28521222,0
Parts manager is very hardworking man,Suzuki Khalid Motors (Link Ferozpur),,172,0.5943631,1
Thek hy par apke lebor rates zada hy suzuki samnabad sy,Suzuki Khalid Motors (Link Ferozpur),,173,0.2720271,0
Pretty good place to buy a new car of Suzuki.,Suzuki Khalid Motors (Link Ferozpur),,174,0.89859784,1
Giid Palace to buy New Suzuki Cars. 3S Dealership.,Suzuki Khalid Motors (Link Ferozpur),,175,0.62695104,1
Too much looting,Suzuki Khalid Motors (Link Ferozpur),,176,0.55350083,1
One of the best suzuki showrooms in town....,Suzuki Khalid Motors (Link Ferozpur),,177,0.95827806,1
"To expensive,  non cooperative  staff ..!!",Suzuki Khalid Motors (Link Ferozpur),,178,0.1717853,0
Mechanics and reception guys were not cooperative.,Suzuki Khalid Motors (Link Ferozpur),,179,0.29344362,0
Who want to purchase new car should go to khalid motors,Suzuki Khalid Motors (Link Ferozpur),,180,0.5440271,1
Good place and good service,Suzuki Khalid Motors (Link Ferozpur),,181,0.9573196,1
You can get 3s  services Suzuki brands of vehicals.,Suzuki Khalid Motors (Link Ferozpur),,182,0.2838932,0
Good services ? Â,Suzuki Khalid Motors (Link Ferozpur),,183,0.95589054,1
Ok that was fine,Suzuki Khalid Motors (Link Ferozpur),,184,0.8992671,1
Cooperative staff and good in maintaining sazuki motors,Suzuki Khalid Motors (Link Ferozpur),,185,0.9453911,1
Good service and support from dealer,Suzuki Khalid Motors (Link Ferozpur),,186,0.94751066,1
A Good Suzuki Company Showroom ... but EXTREMELY OVERLOADED ! And Crowded !,Suzuki Khalid Motors (Link Ferozpur),,188,0.8865104,1
Visit this place for buying Bike,Suzuki Khalid Motors (Link Ferozpur),,190,0.2969326,0
My experience was good,Suzuki Khalid Motors (Link Ferozpur),,191,0.95452154,1
Very professional and very cooperative.,Suzuki Khalid Motors (Link Ferozpur),,192,0.5841827,1
Best shop and honest peoples,Suzuki Khalid Motors (Link Ferozpur),,193,0.9590573,1
I just love fortuner they have,Suzuki Khalid Motors (Link Ferozpur),,194,0.90621436,1
Very cooperative staff.,Suzuki Khalid Motors (Link Ferozpur),,195,0.68299675,1
Good showw room as well,Suzuki Khalid Motors (Link Ferozpur),,196,0.9528887,1
Good colur paint matching is good,Suzuki Khalid Motors (Link Ferozpur),,197,0.9476447,1
Have all kind of suzuki spare parts,Suzuki Khalid Motors (Link Ferozpur),,198,0.95124966,1
First visit no proper check up,Suzuki Khalid Motors (Link Ferozpur),,199,0.44171506,0
Get the job done but expensive labor/parts,Suzuki Khalid Motors (Link Ferozpur),,200,0.17023647,0
Have to wait for week for denting painting services,Suzuki Khalid Motors (Link Ferozpur),,201,0.28727767,0
One of the oldest suzuki dealer,Suzuki Khalid Motors (Link Ferozpur),,202,0.3003109,0
Good experience suzuki khalid moters,Suzuki Khalid Motors (Link Ferozpur),,203,0.9560501,1
Not good experience but,Suzuki Khalid Motors (Link Ferozpur),,204,0.21259895,0
It was good as they are professional.,Suzuki Khalid Motors (Link Ferozpur),,205,0.8338791,1
Good place. Professional.,Suzuki Khalid Motors (Link Ferozpur),,206,0.85989505,1
Good place to work,Suzuki Khalid Motors (Link Ferozpur),,207,0.95256877,1
"bad services,  crupt staff.",Suzuki Khalid Motors (Link Ferozpur),,208,0.13300428,0
The customer service was very poor,Suzuki Khalid Motors (Link Ferozpur),,209,0.17787543,0
Good proffesional staff,Suzuki Khalid Motors (Link Ferozpur),,210,0.95358247,1
Satisfying Service & Cooperative Staff,Suzuki Khalid Motors (Link Ferozpur),,211,0.94101995,1
very very good,Suzuki Khalid Motors (Link Ferozpur),,212,0.97397584,1
Overall good management ?? Â,Suzuki Khalid Motors (Link Ferozpur),,213,0.806899,1
Staff is so non cooperative,Suzuki Khalid Motors (Link Ferozpur),,214,0.2973819,0
Worst experience ever.,Suzuki Khalid Motors (Link Ferozpur),,215,0.098041244,0
Nice workshop and showroom,Suzuki Khalid Motors (Link Ferozpur),,216,0.9581029,1
Good dealers of Pak suzuki motors,Suzuki Khalid Motors (Link Ferozpur),,217,0.95514756,1
Very cooperative team.,Suzuki Khalid Motors (Link Ferozpur),,218,0.6819775,1
Good at service,Suzuki Khalid Motors (Link Ferozpur),,219,0.95324975,1
Great People,Suzuki Khalid Motors (Link Ferozpur),,220,0.96830004,1
"Nice people, good work",Suzuki Khalid Motors (Link Ferozpur),,221,0.96142143,1
This is a show room of bikes and cars. And service centre for cars only,Suzuki Khalid Motors (Link Ferozpur),,222,0.6997051,1
"poor service, arrogant staff.",Suzuki Khalid Motors (Link Ferozpur),,223,0.1946696,0
Best place to buy Suzuki cars.,Suzuki Khalid Motors (Link Ferozpur),,224,0.9614728,1
Good and professional team.,Suzuki Khalid Motors (Link Ferozpur),,225,0.85794,1
very helpful management,Suzuki Khalid Motors (Link Ferozpur),,227,0.6696443,1
Authorized Suzuki workshop with excellent service,Suzuki Khalid Motors (Link Ferozpur),,228,0.97870195,1
Good for maintenance of suzuki cars,Suzuki Khalid Motors (Link Ferozpur),,229,0.95823884,1
Very humble staff,Suzuki Khalid Motors (Link Ferozpur),,230,0.25560015,0
Ok  but not excellent,Suzuki Khalid Motors (Link Ferozpur),,231,0.58608407,1
Good Suzuki 3S facility,Suzuki Khalid Motors (Link Ferozpur),,232,0.95803666,1
Very poor service.,Suzuki Khalid Motors (Link Ferozpur),,233,0.17810778,0
Well behaved staff.,Suzuki Khalid Motors (Link Ferozpur),,234,0.31525642,0
It's was Great Experience,Suzuki Khalid Motors (Link Ferozpur),,237,0.96386194,1
Gud Suzuki dealer ship,Suzuki Khalid Motors (Link Ferozpur),,238,0.3096415,0
Labour price is very high.,Suzuki Khalid Motors (Link Ferozpur),,240,0.84150434,1
Poor post sales service,Suzuki Khalid Motors (Link Ferozpur),,242,0.19108194,0
Nice work shop,Suzuki Khalid Motors (Link Ferozpur),,243,0.95766866,1
Happy to visit here.,Suzuki Khalid Motors (Link Ferozpur),,244,0.96212983,1
Not so good,Suzuki Khalid Motors (Link Ferozpur),,246,0.9459421,1
Deteriorating service due to circumstances,Suzuki Khalid Motors (Link Ferozpur),,248,0.28210205,0
Sss services in town,Suzuki Khalid Motors (Link Ferozpur),,250,0.3061173,0
Buyed my second new car,Suzuki Khalid Motors (Link Ferozpur),,252,0.42968673,0
Little bits better,Suzuki Khalid Motors (Link Ferozpur),,253,0.7149794,1
Very Professional Staff,Suzuki Khalid Motors (Link Ferozpur),,254,0.4852232,0
Staff wasn't cooperative,Suzuki Khalid Motors (Link Ferozpur),,255,0.30067062,0
Suzuki trusted showroom for cars and bikes,Suzuki Khalid Motors (Link Ferozpur),,256,0.31466305,0
Good Suzuki vehicles dealership,Suzuki Khalid Motors (Link Ferozpur),,258,0.95705163,1
Educated staff and coporative staff,Suzuki Khalid Motors (Link Ferozpur),,259,0.30085468,0
Good mechanical work,Suzuki Khalid Motors (Link Ferozpur),,260,0.9548182,1
Old working place,Suzuki Khalid Motors (Link Ferozpur),,262,0.47780696,0
Available all Suzuki barnds,Suzuki Khalid Motors (Link Ferozpur),,263,0.8666385,1
Good service..,Suzuki Khalid Motors (Link Ferozpur),,264,0.95621544,1
Good view outside,Suzuki Khalid Motors (Link Ferozpur),,265,0.822594,1
Good experience....,Suzuki Khalid Motors (Link Ferozpur),,267,0.957092,1
Average service and area,Suzuki Khalid Motors (Link Ferozpur),,268,0.2835628,0
All service's available,Suzuki Khalid Motors (Link Ferozpur),,269,0.86217976,1
Excelent services,Suzuki Khalid Motors (Link Ferozpur),,270,0.3208518,0
suzuki sale service and spares dealer,Suzuki Khalid Motors (Link Ferozpur),,276,0.3107187,0
Best for your suzuki,Suzuki Khalid Motors (Link Ferozpur),,277,0.9645479,1
Good fair enough,Suzuki Khalid Motors (Link Ferozpur),,278,0.9307395,1
Good service,Suzuki Khalid Motors (Link Ferozpur),,280,0.95621544,1
Exchange of car is just Drama,Suzuki Khalid Motors (Link Ferozpur),,282,0.29143447,0
Excellent service!,Suzuki Khalid Motors (Link Ferozpur),,283,0.98042727,1
Liters had bhai. .,Suzuki Khalid Motors (Link Ferozpur),,286,0.30954078,0
Staff is lazy.,Suzuki Khalid Motors (Link Ferozpur),,288,0.3950382,0
Suzuki car best showroom,Suzuki Khalid Motors (Link Ferozpur),,289,0.9647806,1
Best service,Suzuki Khalid Motors (Link Ferozpur),,291,0.963393,1
These are thieves,Suzuki Khalid Motors (Link Ferozpur),,292,0.3091854,0
Good service,Suzuki Khalid Motors (Link Ferozpur),,293,0.95621544,1
No customer guidance,Suzuki Khalid Motors (Link Ferozpur),,294,0.30212578,0
Good Show Room,Suzuki Khalid Motors (Link Ferozpur),,296,0.9541745,1
Very Expensive..,Suzuki Khalid Motors (Link Ferozpur),,297,0.15329945,0
Good service,Suzuki Khalid Motors (Link Ferozpur),,298,0.95621544,1
Good service,Suzuki Khalid Motors (Link Ferozpur),,299,0.95621544,1
Not a good deiler,Suzuki Khalid Motors (Link Ferozpur),,301,0.2072355,0
Very expensive maintenance,Suzuki Khalid Motors (Link Ferozpur),,302,0.15407303,0
Good services,Suzuki Khalid Motors (Link Ferozpur),,303,0.95589054,1
Good service,Suzuki Khalid Motors (Link Ferozpur),,305,0.95621544,1
Satisfactory sevice,Suzuki Khalid Motors (Link Ferozpur),,306,0.3172695,0
highly Recommend,Suzuki Khalid Motors (Link Ferozpur),,307,0.7733629,1
Excellent service,Suzuki Khalid Motors (Link Ferozpur),,308,0.98042727,1
Good service,Suzuki Khalid Motors (Link Ferozpur),,310,0.95621544,1
Good service,Suzuki Khalid Motors (Link Ferozpur),,311,0.95621544,1
Good service,Suzuki Khalid Motors (Link Ferozpur),,312,0.95621544,1
Good service,Suzuki Khalid Motors (Link Ferozpur),,313,0.95621544,1
Good service,Suzuki Khalid Motors (Link Ferozpur),,314,0.95621544,1
Professional team at work,Suzuki Khalid Motors (Link Ferozpur),,316,0.4085112,0
Good for service,Suzuki Khalid Motors (Link Ferozpur),,317,0.9558272,1
Good experience,Suzuki Khalid Motors (Link Ferozpur),,318,0.957092,1
Great Services,Suzuki Khalid Motors (Link Ferozpur),,319,0.9673355,1
Good stock of cars,Suzuki Khalid Motors (Link Ferozpur),,320,0.9558632,1
Good services,Suzuki Khalid Motors (Link Ferozpur),,321,0.95589054,1
Great Experience,Suzuki Khalid Motors (Link Ferozpur),,323,0.96826047,1
Co operative staff,Suzuki Khalid Motors (Link Ferozpur),,325,0.31762248,0
Good hospitality,Suzuki Khalid Motors (Link Ferozpur),,326,0.95527875,1
good service,Suzuki Khalid Motors (Link Ferozpur),,327,0.95621544,1
Good enivornement,Suzuki Khalid Motors (Link Ferozpur),,328,0.9552157,1
Bad service,Suzuki Khalid Motors (Link Ferozpur),,331,0.13493465,0
I purchase new car,Suzuki Khalid Motors (Link Ferozpur),,332,0.6844011,1
Nice dealing,Suzuki Khalid Motors (Link Ferozpur),,335,0.95820004,1
Didn't visit,Suzuki Khalid Motors (Link Ferozpur),,338,0.30147013,0
suzuki car sale centre,Suzuki Khalid Motors (Link Ferozpur),,339,0.31808656,0
Badest experience,Suzuki Khalid Motors (Link Ferozpur),,341,0.31741235,0
Friendly staff.,Suzuki Khalid Motors (Link Ferozpur),,344,0.8867096,1
Its OK guyz...,Suzuki Khalid Motors (Link Ferozpur),,345,0.91062486,1
Good  position,Suzuki Khalid Motors (Link Ferozpur),,346,0.9554548,1
Average service,Suzuki Khalid Motors (Link Ferozpur),,348,0.29321063,0
Poor service,Suzuki Khalid Motors (Link Ferozpur),,350,0.19644181,0
Parts are costly,Suzuki Khalid Motors (Link Ferozpur),,351,0.30834743,0
Easily accessible....,Suzuki Khalid Motors (Link Ferozpur),,352,0.85377175,1
Satisfied work,Suzuki Khalid Motors (Link Ferozpur),,355,0.94413817,1
Average Service,Suzuki Khalid Motors (Link Ferozpur),,356,0.29321063,0
Great place to in,Suzuki Khalid Motors (Link Ferozpur),,357,0.9650717,1
So expensive,Suzuki Khalid Motors (Link Ferozpur),,358,0.18035875,0
Skilled staff,Suzuki Khalid Motors (Link Ferozpur),,359,0.91994953,1
Bad location,Suzuki Khalid Motors (Link Ferozpur),,360,0.13555688,0
Official Suzuki Motors workshop,Suzuki Khalid Motors (Link Ferozpur),,361,0.3093544,0
Excellent proteomics,Suzuki Khalid Motors (Link Ferozpur),,362,0.98,1
Dnt know about it,Suzuki Khalid Motors (Link Ferozpur),,364,0.30248365,0
Just buy a car,Suzuki Khalid Motors (Link Ferozpur),,365,0.306236,0
Inexperienced technicians.,Suzuki Khalid Motors (Link Ferozpur),,366,0.43062678,0
Accumudating staff,Suzuki Khalid Motors (Link Ferozpur),,367,0.31519267,0
It was good,Suzuki Khalid Motors (Link Ferozpur),,368,0.9526343,1
Very costly,Suzuki Khalid Motors (Link Ferozpur),,369,0.67205685,1
Expert in auto mobile,Suzuki Khalid Motors (Link Ferozpur),,372,0.30607313,0
Nice expertise,Suzuki Khalid Motors (Link Ferozpur),,374,0.9573964,1
Poor service,Suzuki Khalid Motors (Link Ferozpur),,376,0.19644181,0
Non cooperative,Suzuki Khalid Motors (Link Ferozpur),,377,0.31688285,0
Good Suzuki mot,Suzuki Khalid Motors (Link Ferozpur),,382,0.95774,1
Professional staff,Suzuki Khalid Motors (Link Ferozpur),,383,0.43776137,0
True professional,Suzuki Khalid Motors (Link Ferozpur),,384,0.7350691,1
True professionals,Suzuki Khalid Motors (Link Ferozpur),,387,0.90490645,1
Brought car from here,Suzuki Khalid Motors (Link Ferozpur),,392,0.30613282,0
Professional staff,Suzuki Khalid Motors (Link Ferozpur),,398,0.43776137,0
For car tuning,Suzuki Khalid Motors (Link Ferozpur),,416,0.31658792,0
Suzuki S3 dealer,Suzuki Khalid Motors (Link Ferozpur),,418,0.32092813,0
Suzuki dealership and workshop,Suzuki Khalid Motors (Link Ferozpur),,420,0.31814778,0
Rent a car.,Suzuki Khalid Motors (Link Ferozpur),,423,0.31263927,0
Conjusted workshop ...,Suzuki Khalid Motors (Link Ferozpur),,424,0.31722003,0
Just Ordinary,Suzuki Khalid Motors (Link Ferozpur),,428,0.24085449,0
Bilal tanoli,Suzuki Khalid Motors (Link Ferozpur),,430,0.31384802,0
Professionals!,Suzuki Khalid Motors (Link Ferozpur),,432,0.32340747,0
Car show room,Suzuki Khalid Motors (Link Ferozpur),,433,0.3122841,0
Average ...,Suzuki Khalid Motors (Link Ferozpur),,434,0.30201375,0
Suzuki car point,Suzuki Khalid Motors (Link Ferozpur),,435,0.32304007,0
Suzuki dealer,Suzuki Khalid Motors (Link Ferozpur),,436,0.32369003,0
Suzuki dealer,Suzuki Khalid Motors (Link Ferozpur),,437,0.32369003,0
Cars showroom,Suzuki Khalid Motors (Link Ferozpur),,438,0.32578486,0
Suzuki showroom,Suzuki Khalid Motors (Link Ferozpur),,439,0.32496008,0
Suzuki Khalid Motors,Suzuki Khalid Motors (Link Ferozpur),,440,0.31712446,0
Mene last 3 din pely visit kia for first checkup gari k door waly shesho me sy awaz ati te band krne par ink staff ma bnda kahta daj me farak hota hy or usny masla hal nai kia bad experience,Suzuki Khalid Motors (Link Ferozpur),,441,0.3105801,0
New gari defected.....koi help naÃ¬ karta,Suzuki Khalid Motors (Link Ferozpur),,442,0.59463,1
in BC k pass gadi book krwa k galti kr li mjy aik dafa gadi mil jaye in sy kbi filter b na loon lakh di lanat puray showroom pr,Suzuki Khalid Motors (Link Ferozpur),,443,0.32860813,0
"inthai ghatia service he
mere pas suzuki wagon r he
aj main wahan apni gari ki tuning ke lie gaya tha meri gari bhi theek nai hoi or Â",Suzuki Khalid Motors (Link Ferozpur),,444,0.25860012,0
Boht achi moters hy,Suzuki Khalid Motors (Link Ferozpur),,447,0.30103126,0
Achi jaga hai,Suzuki Khalid Motors (Link Ferozpur),,448,0.3087421,0
Good experienced,Suzuki Khalid Motors (Link Ferozpur),,451,0.96546125,1
Suzuki show pie,Suzuki Khalid Motors (Link Ferozpur),,457,0.31500614,0
Suzuki Motor,Suzuki Khalid Motors (Link Ferozpur),,458,0.32196933,0
